Workbook

Sheet T1
A1: Px GCCK | D1: BẢNG CHẤM CÔNG THÁNG - THÁNG 1/2026 | AI1: Tổng công ca | AJ1: Tổng công TC | AK1: ∑
D2: 46023
A3: STT | B3: Họ tên | D3: 46023 | E3: 46024 | F3: =+E3+1 -> 46025 | G3: =+F3+1 -> 46026 | H3: =+G3+1 -> 46027 | I3: =+H3+1 -> 46028 | J3: =+I3+1 -> 46029 | K3: =+J3+1 -> 46030 | L3: =+K3+1 -> 46031 | M3: =+L3+1 -> 46032 | ... AH3: =+AG3+1 -> 46053
A4: 1 | B4: Nguyễn Trung Đông | C4: TC | O4: 1 | AB4: 5.25 | AI4: =0 -> 0 | AJ4: =SUM(D4:AH4)/8 -> 0.78125 | AK4: =AI4+AJ4 -> 0.78125
C5: C1 | E5: x | F5: x | H5: x | K5: x | L5: x | M5: x | N5: x | O5: x | P5: x | Q5: x | R5: x | S5: x | U5: x | V5: x | W5: x | X5: x | Y5: x | Z5: x | AA5: x | AC5: x | AD5: x | AE5: x | AG5: x | AI5: =COUNTIF(D5:AH5,"x")+COUNTIF(D5:AH5,"x-0,25")+COUNTIF(D5:AH5,"x-0,50")+COUNTIF(D5:AH5,"x-0.75")+COUNTIF(D5:AH5,"x-1")+COUNTIF(D5:AH5,"x-1,25")+COUNTIF(D5:AH5,"x-1,5")+COUNTIF(D5:AH5,"x-1,55")+COUNTIF(D5:AH5,"x-2")+COUNTIF(D5:AH5,"x/2")/2 -> 23 | AJ5: =0 -> 0 | AK5: =AI5+AJ5 -> 23
C6: C2 | AI6: =COUNTIF(D6:AH6,"x")+COUNTIF(D6:AH6,"x-0,25")+COUNTIF(D6:AH6,"x-0,50")+COUNTIF(D6:AH6,"x-0.75")+COUNTIF(D6:AH6,"x-1")+COUNTIF(D6:AH6,"x-1,25")+COUNTIF(D6:AH6,"x-1,5")+COUNTIF(D6:AH6,"x-1,55")+COUNTIF(D6:AH6,"x-2")+COUNTIF(D6:AH6,"x/2")/2 -> 0 | AJ6: =0 -> 0 | AK6: =AI6+AJ6 -> 0
C7: C3 | AI7: =COUNTIF(D7:AH7,"x")+COUNTIF(D7:AH7,"x-0,25")+COUNTIF(D7:AH7,"x-0,50")+COUNTIF(D7:AH7,"x-0.75")+COUNTIF(D7:AH7,"x-1")+COUNTIF(D7:AH7,"x-1,25")+COUNTIF(D7:AH7,"x-1,5")+COUNTIF(D7:AH7,"x-1,55")+COUNTIF(D7:AH7,"x-2")+COUNTIF(D7:AH7,"x/2")/2 -> 0 | AJ7: =0 -> 0 | AK7: =AI7+AJ7 -> 0
AI8: ="" | AJ8: ="" | AK8: =""
A9: 2 | B9: Trần Văn Dũng | C9: TC | O9: 1 | AB9: 5.25 | AI9: =0 -> 0 | AJ9: =SUM(D9:AH9)/8 -> 0.78125 | AK9: =AI9+AJ9 -> 0.78125
C10: C1 | E10: x | F10: x | H10: x | K10: x | L10: x | M10: x | N10: x | O10: x | P10: x | Q10: x | R10: x | S10: x | U10: x | V10: x | W10: x | X10: x | Y10: x | Z10: x | AA10: x | AC10: x | AD10: x | AE10: x | AG10: x | AI10: =COUNTIF(D10:AH10,"x")+COUNTIF(D10:AH10,"x-0,25")+COUNTIF(D10:AH10,"x-0,50")+COUNTIF(D10:AH10,"x-0.75")+COUNTIF(D10:AH10,"x-1")+COUNTIF(D10:AH10,"x-1,25")+COUNTIF(D10:AH10,"x-1,5")+COUNTIF(D10:AH10,"x-1,55")+COUNTIF(D10:AH10,"x-2")+COUNTIF(D10:AH10,"x/2")/2 -> 23 | AJ10: =0 -> 0 | AK10: =AI10+AJ10 -> 23
C11: C2 | AI11: =COUNTIF(D11:AH11,"x")+COUNTIF(D11:AH11,"x-0,25")+COUNTIF(D11:AH11,"x-0,50")+COUNTIF(D11:AH11,"x-0.75")+COUNTIF(D11:AH11,"x-1")+COUNTIF(D11:AH11,"x-1,25")+COUNTIF(D11:AH11,"x-1,5")+COUNTIF(D11:AH11,"x-1,55")+COUNTIF(D11:AH11,"x-2")+COUNTIF(D11:AH11,"x/2")/2 -> 0 | AJ11: =0 -> 0 | AK11: =AI11+AJ11 -> 0
C12: C3 | AI12: =COUNTIF(D12:AH12,"x")+COUNTIF(D12:AH12,"x-0,25")+COUNTIF(D12:AH12,"x-0,50")+COUNTIF(D12:AH12,"x-0.75")+COUNTIF(D12:AH12,"x-1")+COUNTIF(D12:AH12,"x-1,25")+COUNTIF(D12:AH12,"x-1,5")+COUNTIF(D12:AH12,"x-1,55")+COUNTIF(D12:AH12,"x-2")+COUNTIF(D12:AH12,"x/2")/2 -> 0 | AJ12: =0 -> 0 | AK12: =AI12+AJ12 -> 0
AI13: ="" | AJ13: ="" | AK13: =""
A14: 3 | B14: Hoàng Ngọc Hà | C14: TC | O14: 1 | AB14: 5.25 | AI14: =0 -> 0 | AJ14: =SUM(D14:AH14)/8 -> 0.78125 | AK14: =AI14+AJ14 -> 0.78125
C15: C1 | E15: x | F15: x | H15: x | K15: x | L15: x | M15: x | N15: x | O15: x | P15: x | Q15: x | R15: x | S15: x | U15: x | V15: x | W15: x | X15: x | Y15: x | Z15: x | AA15: x | AC15: x | AD15: x | AE15: x | AG15: x | AI15: =COUNTIF(D15:AH15,"x")+COUNTIF(D15:AH15,"x-0,25")+COUNTIF(D15:AH15,"x-0,50")+COUNTIF(D15:AH15,"x-0.75")+COUNTIF(D15:AH15,"x-1")+COUNTIF(D15:AH15,"x-1,25")+COUNTIF(D15:AH15,"x-1,5")+COUNTIF(D15:AH15,"x-1,55")+COUNTIF(D15:AH15,"x-2")+COUNTIF(D15:AH15,"x/2")/2 -> 23 | AJ15: =0 -> 0 | AK15: =AI15+AJ15 -> 23
C16: C2 | AI16: =COUNTIF(D16:AH16,"x")+COUNTIF(D16:AH16,"x-0,25")+COUNTIF(D16:AH16,"x-0,50")+COUNTIF(D16:AH16,"x-0.75")+COUNTIF(D16:AH16,"x-1")+COUNTIF(D16:AH16,"x-1,25")+COUNTIF(D16:AH16,"x-1,5")+COUNTIF(D16:AH16,"x-1,55")+COUNTIF(D16:AH16,"x-2")+COUNTIF(D16:AH16,"x/2")/2 -> 0 | AJ16: =0 -> 0 | AK16: =AI16+AJ16 -> 0
C17: C3 | AI17: =COUNTIF(D17:AH17,"x")+COUNTIF(D17:AH17,"x-0,25")+COUNTIF(D17:AH17,"x-0,50")+COUNTIF(D17:AH17,"x-0.75")+COUNTIF(D17:AH17,"x-1")+COUNTIF(D17:AH17,"x-1,25")+COUNTIF(D17:AH17,"x-1,5")+COUNTIF(D17:AH17,"x-1,55")+COUNTIF(D17:AH17,"x-2")+COUNTIF(D17:AH17,"x/2")/2 -> 0 | AJ17: =0 -> 0 | AK17: =AI17+AJ17 -> 0
AI18: ="" | AJ18: ="" | AK18: =AI18+AJ18 -> #VALUE!
A19: 4 | B19: Phùng Đình Hùng | C19: TC | O19: 1 | AB19: 5.25 | AI19: =0 -> 0 | AJ19: =SUM(D19:AH19)/8 -> 0.78125 | AK19: =AI19+AJ19 -> 0.78125
C20: C1 | E20: x | F20: x | H20: x | K20: x | L20: x | M20: x | N20: x | O20: x | P20: x | Q20: x | R20: x | S20: x | U20: x | V20: x | W20: x | X20: x | Y20: x | Z20: x | AA20: x | AC20: x | AD20: x | AE20: x | AG20: x | AI20: =COUNTIF(D20:AH20,"x")+COUNTIF(D20:AH20,"x-0,25")+COUNTIF(D20:AH20,"x-0,50")+COUNTIF(D20:AH20,"x-0.75")+COUNTIF(D20:AH20,"x-1")+COUNTIF(D20:AH20,"x-1,25")+COUNTIF(D20:AH20,"x-1,5")+COUNTIF(D20:AH20,"x-1,55")+COUNTIF(D20:AH20,"x-2")+COUNTIF(D20:AH20,"x/2")/2 -> 23 | AJ20: =0 -> 0 | AK20: =AI20+AJ20 -> 23
C21: C2 | AI21: =COUNTIF(D21:AH21,"x")+COUNTIF(D21:AH21,"x-0,25")+COUNTIF(D21:AH21,"x-0,50")+COUNTIF(D21:AH21,"x-0.75")+COUNTIF(D21:AH21,"x-1")+COUNTIF(D21:AH21,"x-1,25")+COUNTIF(D21:AH21,"x-1,5")+COUNTIF(D21:AH21,"x-1,55")+COUNTIF(D21:AH21,"x-2")+COUNTIF(D21:AH21,"x/2")/2 -> 0 | AJ21: =0 -> 0 | AK21: =AI21+AJ21 -> 0
C22: C3 | AI22: =COUNTIF(D22:AH22,"x")+COUNTIF(D22:AH22,"x-0,25")+COUNTIF(D22:AH22,"x-0,50")+COUNTIF(D22:AH22,"x-0.75")+COUNTIF(D22:AH22,"x-1")+COUNTIF(D22:AH22,"x-1,25")+COUNTIF(D22:AH22,"x-1,5")+COUNTIF(D22:AH22,"x-1,55")+COUNTIF(D22:AH22,"x-2")+COUNTIF(D22:AH22,"x/2")/2 -> 0 | AJ22: =0 -> 0 | AK22: =AI22+AJ22 -> 0
AI23: ="" | AJ23: ="" | AK23: =""
A24: 5 | B24: Đặng Ngọc Long | C24: TC | O24: 1 | AB24: 5.25 | AI24: =0 -> 0 | AJ24: =SUM(D24:AH24)/8 -> 0.78125 | AK24: =AI24+AJ24 -> 0.78125
C25: C1 | E25: x | F25: x | H25: x | K25: x | L25: x | M25: x | N25: x | O25: x | P25: x | Q25: x | R25: x | S25: x | U25: x | V25: x | W25: x | X25: x | Y25: x | Z25: x | AA25: x | AC25: x | AD25: x | AE25: x | AG25: x | AI25: =COUNTIF(D25:AH25,"x")+COUNTIF(D25:AH25,"x-0,25")+COUNTIF(D25:AH25,"x-0,50")+COUNTIF(D25:AH25,"x-0.75")+COUNTIF(D25:AH25,"x-1")+COUNTIF(D25:AH25,"x-1,25")+COUNTIF(D25:AH25,"x-1,5")+COUNTIF(D25:AH25,"x-1,55")+COUNTIF(D25:AH25,"x-2")+COUNTIF(D25:AH25,"x/2")/2 -> 23 | AJ25: =0 -> 0 | AK25: =AI25+AJ25 -> 23
C26: C2 | AI26: =COUNTIF(D26:AH26,"x")+COUNTIF(D26:AH26,"x-0,25")+COUNTIF(D26:AH26,"x-0,50")+COUNTIF(D26:AH26,"x-0.75")+COUNTIF(D26:AH26,"x-1")+COUNTIF(D26:AH26,"x-1,25")+COUNTIF(D26:AH26,"x-1,5")+COUNTIF(D26:AH26,"x-1,55")+COUNTIF(D26:AH26,"x-2")+COUNTIF(D26:AH26,"x/2")/2 -> 0 | AJ26: =0 -> 0 | AK26: =AI26+AJ26 -> 0
C27: C3 | AI27: =COUNTIF(D27:AH27,"x")+COUNTIF(D27:AH27,"x-0,25")+COUNTIF(D27:AH27,"x-0,50")+COUNTIF(D27:AH27,"x-0.75")+COUNTIF(D27:AH27,"x-1")+COUNTIF(D27:AH27,"x-1,25")+COUNTIF(D27:AH27,"x-1,5")+COUNTIF(D27:AH27,"x-1,55")+COUNTIF(D27:AH27,"x-2")+COUNTIF(D27:AH27,"x/2")/2 -> 0 | AJ27: =0 -> 0 | AK27: =AI27+AJ27 -> 0
AI28: ="" | AJ28: ="" | AK28: =""
A29: 6 | B29: Trần Văn Nhận | C29: TC | O29: 1 | AB29: 5.25 | AI29: =0 -> 0 | AJ29: =SUM(D29:AH29)/8 -> 0.78125 | AK29: =AI29+AJ29 -> 0.78125
C30: C1 | E30: x | F30: x | H30: x | K30: x | L30: x | M30: x | N30: x | O30: x | P30: x | Q30: x | R30: x | S30: x | U30: x | V30: x | W30: x | X30: x | Y30: x | Z30: x | AA30: x | AC30: x | AD30: x | AE30: x | AG30: x | AI30: =COUNTIF(D30:AH30,"x")+COUNTIF(D30:AH30,"x-0,25")+COUNTIF(D30:AH30,"x-0,50")+COUNTIF(D30:AH30,"x-0.75")+COUNTIF(D30:AH30,"x-1")+COUNTIF(D30:AH30,"x-1,25")+COUNTIF(D30:AH30,"x-1,5")+COUNTIF(D30:AH30,"x-1,55")+COUNTIF(D30:AH30,"x-2")+COUNTIF(D30:AH30,"x/2")/2 -> 23 | AJ30: =0 -> 0 | AK30: =AI30+AJ30 -> 23
C31: C2 | AI31: =COUNTIF(D31:AH31,"x")+COUNTIF(D31:AH31,"x-0,25")+COUNTIF(D31:AH31,"x-0,50")+COUNTIF(D31:AH31,"x-0.75")+COUNTIF(D31:AH31,"x-1")+COUNTIF(D31:AH31,"x-1,25")+COUNTIF(D31:AH31,"x-1,5")+COUNTIF(D31:AH31,"x-1,55")+COUNTIF(D31:AH31,"x-2")+COUNTIF(D31:AH31,"x/2")/2 -> 0 | AJ31: =0 -> 0 | AK31: =AI31+AJ31 -> 0
C32: C3 | AI32: =COUNTIF(D32:AH32,"x")+COUNTIF(D32:AH32,"x-0,25")+COUNTIF(D32:AH32,"x-0,50")+COUNTIF(D32:AH32,"x-0.75")+COUNTIF(D32:AH32,"x-1")+COUNTIF(D32:AH32,"x-1,25")+COUNTIF(D32:AH32,"x-1,5")+COUNTIF(D32:AH32,"x-1,55")+COUNTIF(D32:AH32,"x-2")+COUNTIF(D32:AH32,"x/2")/2 -> 0 | AJ32: =0 -> 0 | AK32: =0 -> 0
AI33: ="" | AJ33: ="" | AK33: =""
A34: 7 | B34: Phùng Gia Phúc | C34: TC | O34: 1 | AB34: 5.25 | AI34: =0 -> 0 | AJ34: =SUM(D34:AH34)/8 -> 0.78125 | AK34: =AI34+AJ34 -> 0.78125
C35: C1 | E35: x | F35: x | H35: x | K35: x | L35: x | M35: x | N35: x | O35: x | P35: x | Q35: x | R35: x | S35: x | U35: x | V35: x | W35: x | X35: x | Y35: x | Z35: x | AA35: x | AC35: x | AD35: x | AE35: x | AG35: x | AI35: =COUNTIF(D35:AH35,"x")+COUNTIF(D35:AH35,"x-0,25")+COUNTIF(D35:AH35,"x-0,50")+COUNTIF(D35:AH35,"x-0.75")+COUNTIF(D35:AH35,"x-1")+COUNTIF(D35:AH35,"x-1,25")+COUNTIF(D35:AH35,"x-1,5")+COUNTIF(D35:AH35,"x-1,55")+COUNTIF(D35:AH35,"x-2")+COUNTIF(D35:AH35,"x/2")/2 -> 23 | AJ35: =0 -> 0 | AK35: =AI35+AJ35 -> 23
C36: C2 | AI36: =COUNTIF(D36:AH36,"x")+COUNTIF(D36:AH36,"x-0,25")+COUNTIF(D36:AH36,"x-0,50")+COUNTIF(D36:AH36,"x-0.75")+COUNTIF(D36:AH36,"x-1")+COUNTIF(D36:AH36,"x-1,25")+COUNTIF(D36:AH36,"x-1,5")+COUNTIF(D36:AH36,"x-1,55")+COUNTIF(D36:AH36,"x-2")+COUNTIF(D36:AH36,"x/2")/2 -> 0 | AJ36: =0 -> 0 | AK36: =AI36+AJ36 -> 0
C37: C3 | AI37: =COUNTIF(D37:AH37,"x")+COUNTIF(D37:AH37,"x-0,25")+COUNTIF(D37:AH37,"x-0,50")+COUNTIF(D37:AH37,"x-0.75")+COUNTIF(D37:AH37,"x-1")+COUNTIF(D37:AH37,"x-1,25")+COUNTIF(D37:AH37,"x-1,5")+COUNTIF(D37:AH37,"x-1,55")+COUNTIF(D37:AH37,"x-2")+COUNTIF(D37:AH37,"x/2")/2 -> 0 | AJ37: =0 -> 0 | AK37: =AI37+AJ37 -> 0
AI38: ="" | AJ38: ="" | AK38: =""
A39: 8 | B39: Trần Văn Quỳnh | C39: TC | O39: 1 | AB39: 5.25 | AI39: =0 -> 0 | AJ39: =SUM(D39:AH39)/8 -> 0.78125 | AK39: =AI39+AJ39 -> 0.78125
C40: C1 | E40: x | F40: x | H40: x | K40: x | L40: x | M40: x | N40: x | O40: x | P40: x | Q40: x | R40: x | S40: x | U40: x | V40: x | W40: x | X40: x | Y40: x | Z40: x | AA40: x | AC40: x | AD40: x | AE40: x | AG40: x | AI40: =COUNTIF(D40:AH40,"x")+COUNTIF(D40:AH40,"x-0,25")+COUNTIF(D40:AH40,"x-0,50")+COUNTIF(D40:AH40,"x-0.75")+COUNTIF(D40:AH40,"x-1")+COUNTIF(D40:AH40,"x-1,25")+COUNTIF(D40:AH40,"x-1,5")+COUNTIF(D40:AH40,"x-1,55")+COUNTIF(D40:AH40,"x-2")+COUNTIF(D40:AH40,"x/2")/2 -> 23 | AJ40: =0 -> 0 | AK40: =AI40+AJ40 -> 23
C41: C2 | AI41: =COUNTIF(D41:AH41,"x")+COUNTIF(D41:AH41,"x-0,25")+COUNTIF(D41:AH41,"x-0,50")+COUNTIF(D41:AH41,"x-0.75")+COUNTIF(D41:AH41,"x-1")+COUNTIF(D41:AH41,"x-1,25")+COUNTIF(D41:AH41,"x-1,5")+COUNTIF(D41:AH41,"x-1,55")+COUNTIF(D41:AH41,"x-2")+COUNTIF(D41:AH41,"x/2")/2 -> 0 | AJ41: =0 -> 0 | AK41: =AI41+AJ41 -> 0
C42: C3 | AI42: =COUNTIF(D42:AH42,"x")+COUNTIF(D42:AH42,"x-0,25")+COUNTIF(D42:AH42,"x-0,50")+COUNTIF(D42:AH42,"x-0.75")+COUNTIF(D42:AH42,"x-1")+COUNTIF(D42:AH42,"x-1,25")+COUNTIF(D42:AH42,"x-1,5")+COUNTIF(D42:AH42,"x-1,55")+COUNTIF(D42:AH42,"x-2")+COUNTIF(D42:AH42,"x/2")/2 -> 0 | AJ42: =0 -> 0 | AK42: =AI42+AJ42 -> 0
AI43: ="" | AJ43: ="" | AK43: =""
A44: 9 | B44: Phạm Ngọc Sam | C44: TC | O44: 1 | AB44: 5.25 | AI44: =0 -> 0 | AJ44: =SUM(D44:AH44)/8 -> 0.78125 | AK44: =AI44+AJ44 -> 0.78125
C45: C1 | E45: x | F45: x | H45: x | K45: x | L45: x | M45: x | N45: x | O45: x | P45: x | Q45: x | R45: x | S45: x | U45: x | V45: x | W45: x | X45: x | Y45: x | Z45: x | AA45: x | AC45: x | AD45: x | AE45: x | AG45: x | AI45: =COUNTIF(D45:AH45,"x")+COUNTIF(D45:AH45,"x-0,25")+COUNTIF(D45:AH45,"x-0,50")+COUNTIF(D45:AH45,"x-0.75")+COUNTIF(D45:AH45,"x-1")+COUNTIF(D45:AH45,"x-1,25")+COUNTIF(D45:AH45,"x-1,5")+COUNTIF(D45:AH45,"x-1,55")+COUNTIF(D45:AH45,"x-2")+COUNTIF(D45:AH45,"x/2")/2 -> 23 | AJ45: =0 -> 0 | AK45: =AI45+AJ45 -> 23
C46: C2 | AI46: =COUNTIF(D46:AH46,"x")+COUNTIF(D46:AH46,"x-0,25")+COUNTIF(D46:AH46,"x-0,50")+COUNTIF(D46:AH46,"x-0.75")+COUNTIF(D46:AH46,"x-1")+COUNTIF(D46:AH46,"x-1,25")+COUNTIF(D46:AH46,"x-1,5")+COUNTIF(D46:AH46,"x-1,55")+COUNTIF(D46:AH46,"x-2")+COUNTIF(D46:AH46,"x/2")/2 -> 0 | AJ46: =0 -> 0 | AK46: =AI46+AJ46 -> 0
C47: C3 | AI47: =COUNTIF(D47:AH47,"x")+COUNTIF(D47:AH47,"x-0,25")+COUNTIF(D47:AH47,"x-0,50")+COUNTIF(D47:AH47,"x-0.75")+COUNTIF(D47:AH47,"x-1")+COUNTIF(D47:AH47,"x-1,25")+COUNTIF(D47:AH47,"x-1,5")+COUNTIF(D47:AH47,"x-1,55")+COUNTIF(D47:AH47,"x-2")+COUNTIF(D47:AH47,"x/2")/2 -> 0 | AJ47: =0 -> 0 | AK47: =AI47+AJ47 -> 0
AI48: ="" | AJ48: ="" | AK48: =""
A49: 10 | B49: Phùng Công Thắng | C49: TC | O49: 1 | AB49: 5.25 | AI49: =0 -> 0 | AJ49: =SUM(D49:AH49)/8 -> 0.78125 | AK49: =AI49+AJ49 -> 0.78125
C50: C1 | E50: x | F50: x | H50: x | K50: x | L50: x | M50: x | N50: x | O50: x | P50: x | Q50: x | R50: x | S50: x | U50: x | V50: x | W50: x | X50: x | Y50: x | Z50: x | AA50: x | AC50: x | AD50: x | AE50: x | AG50: x | AI50: =COUNTIF(D50:AH50,"x")+COUNTIF(D50:AH50,"x-0,25")+COUNTIF(D50:AH50,"x-0,50")+COUNTIF(D50:AH50,"x-0.75")+COUNTIF(D50:AH50,"x-1")+COUNTIF(D50:AH50,"x-1,25")+COUNTIF(D50:AH50,"x-1,5")+COUNTIF(D50:AH50,"x-1,55")+COUNTIF(D50:AH50,"x-2")+COUNTIF(D50:AH50,"x/2")/2 -> 23 | AJ50: =0 -> 0 | AK50: =AI50+AJ50 -> 23
C51: C2 | AI51: =COUNTIF(D51:AH51,"x")+COUNTIF(D51:AH51,"x-0,25")+COUNTIF(D51:AH51,"x-0,50")+COUNTIF(D51:AH51,"x-0.75")+COUNTIF(D51:AH51,"x-1")+COUNTIF(D51:AH51,"x-1,25")+COUNTIF(D51:AH51,"x-1,5")+COUNTIF(D51:AH51,"x-1,55")+COUNTIF(D51:AH51,"x-2")+COUNTIF(D51:AH51,"x/2")/2 -> 0 | AJ51: =0 -> 0 | AK51: =AI51+AJ51 -> 0
C52: C3 | AI52: =COUNTIF(D52:AH52,"x")+COUNTIF(D52:AH52,"x-0,25")+COUNTIF(D52:AH52,"x-0,50")+COUNTIF(D52:AH52,"x-0.75")+COUNTIF(D52:AH52,"x-1")+COUNTIF(D52:AH52,"x-1,25")+COUNTIF(D52:AH52,"x-1,5")+COUNTIF(D52:AH52,"x-1,55")+COUNTIF(D52:AH52,"x-2")+COUNTIF(D52:AH52,"x/2")/2 -> 0 | AJ52: =0 -> 0 | AK52: =AI52+AJ52 -> 0
AI53: ="" | AJ53: ="" | AK53: =""
A54: 11 | B54: Nguyễn Văn Thanh | C54: TC | O54: 1 | AB54: 5.25 | AI54: =0 -> 0 | AJ54: =SUM(D54:AH54)/8 -> 0.78125 | AK54: =AI54+AJ54 -> 0.78125
C55: C1 | E55: x | F55: x | H55: x | K55: x | L55: x | M55: x | N55: x | O55: x | P55: x | Q55: x | R55: x | S55: x | U55: x | V55: x | W55: x | X55: x | Y55: x | Z55: x | AA55: x | AC55: x | AD55: x | AE55: x | AG55: x | AI55: =COUNTIF(D55:AH55,"x")+COUNTIF(D55:AH55,"x-0,25")+COUNTIF(D55:AH55,"x-0,50")+COUNTIF(D55:AH55,"x-0.75")+COUNTIF(D55:AH55,"x-1")+COUNTIF(D55:AH55,"x-1,25")+COUNTIF(D55:AH55,"x-1,5")+COUNTIF(D55:AH55,"x-1,55")+COUNTIF(D55:AH55,"x-2")+COUNTIF(D55:AH55,"x/2")/2 -> 23 | AJ55: =0 -> 0 | AK55: =AI55+AJ55 -> 23
C56: C2 | AI56: =COUNTIF(D56:AH56,"x")+COUNTIF(D56:AH56,"x-0,25")+COUNTIF(D56:AH56,"x-0,50")+COUNTIF(D56:AH56,"x-0.75")+COUNTIF(D56:AH56,"x-1")+COUNTIF(D56:AH56,"x-1,25")+COUNTIF(D56:AH56,"x-1,5")+COUNTIF(D56:AH56,"x-1,55")+COUNTIF(D56:AH56,"x-2")+COUNTIF(D56:AH56,"x/2")/2 -> 0 | AJ56: =0 -> 0 | AK56: =AI56+AJ56 -> 0
C57: C3 | AI57: =COUNTIF(D57:AH57,"x")+COUNTIF(D57:AH57,"x-0,25")+COUNTIF(D57:AH57,"x-0,50")+COUNTIF(D57:AH57,"x-0.75")+COUNTIF(D57:AH57,"x-1")+COUNTIF(D57:AH57,"x-1,25")+COUNTIF(D57:AH57,"x-1,5")+COUNTIF(D57:AH57,"x-1,55")+COUNTIF(D57:AH57,"x-2")+COUNTIF(D57:AH57,"x/2")/2 -> 0 | AJ57: =0 -> 0 | AK57: =AI57+AJ57 -> 0
AI58: ="" | AJ58: ="" | AK58: =""
A59: 12 | B59: Vũ Tiến Thuận | C59: TC | O59: 1 | AB59: 5.25 | AI59: =0 -> 0 | AJ59: =SUM(D59:AH59)/8 -> 0.78125 | AK59: =AI59+AJ59 -> 0.78125
C60: C1 | E60: x | F60: x | H60: x | K60: x | L60: x | M60: x | N60: x | O60: x | P60: x | Q60: x | R60: x | S60: x | U60: x | V60: x | W60: x | X60: x | Y60: x | Z60: x | AA60: x | AC60: x | AD60: x | AE60: x | AG60: x | AI60: =COUNTIF(D60:AH60,"x")+COUNTIF(D60:AH60,"x-0,25")+COUNTIF(D60:AH60,"x-0,50")+COUNTIF(D60:AH60,"x-0.75")+COUNTIF(D60:AH60,"x-1")+COUNTIF(D60:AH60,"x-1,25")+COUNTIF(D60:AH60,"x-1,5")+COUNTIF(D60:AH60,"x-1,55")+COUNTIF(D60:AH60,"x-2")+COUNTIF(D60:AH60,"x/2")/2 -> 23 | AJ60: =0 -> 0 | AK60: =AI60+AJ60 -> 23
C61: C2 | AI61: =COUNTIF(D61:AH61,"x")+COUNTIF(D61:AH61,"x-0,25")+COUNTIF(D61:AH61,"x-0,50")+COUNTIF(D61:AH61,"x-0.75")+COUNTIF(D61:AH61,"x-1")+COUNTIF(D61:AH61,"x-1,25")+COUNTIF(D61:AH61,"x-1,5")+COUNTIF(D61:AH61,"x-1,55")+COUNTIF(D61:AH61,"x-2")+COUNTIF(D61:AH61,"x/2")/2 -> 0 | AJ61: =0 -> 0 | AK61: =AI61+AJ61 -> 0
C62: C3 | AI62: =COUNTIF(D62:AH62,"x")+COUNTIF(D62:AH62,"x-0,25")+COUNTIF(D62:AH62,"x-0,50")+COUNTIF(D62:AH62,"x-0.75")+COUNTIF(D62:AH62,"x-1")+COUNTIF(D62:AH62,"x-1,25")+COUNTIF(D62:AH62,"x-1,5")+COUNTIF(D62:AH62,"x-1,55")+COUNTIF(D62:AH62,"x-2")+COUNTIF(D62:AH62,"x/2")/2 -> 0 | AJ62: =0 -> 0 | AK62: =AI62+AJ62 -> 0
AI63: ="" | AJ63: ="" | AK63: =""
A64: 13 | B64: Phạm Văn Tráng | C64: TC | O64: 1 | AB64: 5.25 | AI64: =0 -> 0 | AJ64: =SUM(D64:AH64)/8 -> 0.78125 | AK64: =AI64+AJ64 -> 0.78125
C65: C1 | H65: x | K65: x | L65: x | M65: x | N65: x | O65: x | P65: x | Q65: x | R65: x | S65: x | U65: x | V65: x | W65: x | X65: x | Y65: x | Z65: x | AA65: x | AI65: =COUNTIF(D65:AH65,"x")+COUNTIF(D65:AH65,"x-0,25")+COUNTIF(D65:AH65,"x-0,50")+COUNTIF(D65:AH65,"x-0.75")+COUNTIF(D65:AH65,"x-1")+COUNTIF(D65:AH65,"x-1,25")+COUNTIF(D65:AH65,"x-1,5")+COUNTIF(D65:AH65,"x-1,55")+COUNTIF(D65:AH65,"x-2")+COUNTIF(D65:AH65,"x/2")/2 -> 17 | AJ65: =0 -> 0 | AK65: =AI65+AJ65 -> 17
C66: C2 | AI66: =COUNTIF(D66:AH66,"x")+COUNTIF(D66:AH66,"x-0,25")+COUNTIF(D66:AH66,"x-0,50")+COUNTIF(D66:AH66,"x-0.75")+COUNTIF(D66:AH66,"x-1")+COUNTIF(D66:AH66,"x-1,25")+COUNTIF(D66:AH66,"x-1,5")+COUNTIF(D66:AH66,"x-1,55")+COUNTIF(D66:AH66,"x-2")+COUNTIF(D66:AH66,"x/2")/2 -> 0 | AJ66: =0 -> 0 | AK66: =0 -> 0
C67: C3 | AI67: =COUNTIF(D67:AH67,"x")+COUNTIF(D67:AH67,"x-0,25")+COUNTIF(D67:AH67,"x-0,50")+COUNTIF(D67:AH67,"x-0.75")+COUNTIF(D67:AH67,"x-1")+COUNTIF(D67:AH67,"x-1,25")+COUNTIF(D67:AH67,"x-1,5")+COUNTIF(D67:AH67,"x-1,55")+COUNTIF(D67:AH67,"x-2")+COUNTIF(D67:AH67,"x/2")/2 -> 0 | AJ67: =0 -> 0 | AK67: =AI67+AJ67 -> 0
A68: Note: | B68: C1/C2/C3: Công theo ca; TC: Tăng ca (ĐVT: giờ) | AI68: ="" | AJ68: ="" | AK68: =""
D73: =+C73+1 -> 1 | E73: =+D73+1 -> 2 | F73: =+E73+1 -> 3 | G73: =+F73+1 -> 4 | H73: =+G73+1 -> 5 | I73: =+H73+1 -> 6 | J73: =+I73+1 -> 7 | K73: =+J73+1 -> 8 | ... AH73: =+AG73+1 -> 31
AI74: =0 -> 0 | AJ74: =SUM(D74:AH74)/8 -> 0 | AK74: =AI74+AJ74 -> 0
AI75: =0 -> 0 | AJ75: =SUM(D75:AH75)/8 -> 0 | AK75: =AI75+AJ75 -> 0
AI76: =0 -> 0 | AJ76: =SUM(D76:AH76)/8 -> 0 | AK76: =AI76+AJ76 -> 0
AI77: =0 -> 0 | AJ77: =SUM(D77:AH77)/8 -> 0 | AK77: =AI77+AJ77 -> 0
AI78: =0 -> 0 | AJ78: =SUM(D78:AH78)/8 -> 0 | AK78: =AI78+AJ78 -> 0
AI79: =0 -> 0 | AJ79: =SUM(D79:AH79)/8 -> 0 | AK79: =AI79+AJ79 -> 0
AI80: =0 -> 0 | AJ80: =SUM(D80:AH80)/8 -> 0 | AK80: =AI80+AJ80 -> 0
AI81: =0 -> 0 | AJ81: =SUM(D81:AH81)/8 -> 0 | AK81: =AI81+AJ81 -> 0
AI82: =0 -> 0 | AK82: =AI82+AJ82 -> 0
AI83: =0 -> 0 | AJ83: =0 -> 0 | AK83: =AI83+AJ83 -> 0
AI84: =0 -> 0 | AJ84: =0 -> 0 | AK84: =AI84+AJ84 -> 0
AI85: =0 -> 0 | AJ85: =0 -> 0 | AK85: =AI85+AJ85 -> 0
AI86: =0 -> 0 | AJ86: =0 -> 0 | AK86: =AI86+AJ86 -> 0
AI87: =0 -> 0 | AJ87: =0 -> 0 | AK87: =AI87+AJ87 -> 0
AI88: =0 -> 0 | AJ88: =0 -> 0 | AK88: =AI88+AJ88 -> 0
AI89: =0 -> 0 | AJ89: =0 -> 0 | AK89: =AI89+AJ89 -> 0
AI90: =0 -> 0 | AJ90: =0 -> 0 | AK90: =AI90+AJ90 -> 0
AI91: =0 -> 0 | AJ91: =0 -> 0 | AK91: =AI91+AJ91 -> 0
AI92: =0 -> 0 | AJ92: =0 -> 0 | AK92: =AI92+AJ92 -> 0
AI93: =0 -> 0 | AJ93: =0 -> 0 | AK93: =AI93+AJ93 -> 0
AI94: =0 -> 0 | AJ94: =0 -> 0 | AK94: =AI94+AJ94 -> 0
... AI125: =0 -> 0 | AJ125: =0 -> 0 | AK125: =AI125+AJ125 -> 0

Sheet T2
A1: Px GCCK | D1: BẢNG CHẤM CÔNG THÁNG - THÁNG 2/2026 | AI1: Tổng công ca | AJ1: Tổng công TC | AK1: ∑
D2: 46054
A3: STT | B3: Họ tên | D3: 46054 | E3: 46055 | F3: =+E3+1 -> 46056 | G3: =+F3+1 -> 46057 | H3: =+G3+1 -> 46058 | I3: =+H3+1 -> 46059 | J3: =+I3+1 -> 46060 | K3: =+J3+1 -> 46061 | L3: =+K3+1 -> 46062 | M3: =+L3+1 -> 46063 | ... AH3: =+AG3+1 -> 46084
A4: 1 | B4: Nguyễn Trung Đông | C4: TC | AI4: =0 -> 0 | AJ4: =SUM(D4:AH4)/8 -> 0 | AK4: =AI4+AJ4 -> 0
C5: C1 | E5: x | F5: x | G5: x | H5: 0 | I5: x | J5: x | L5: x | M5: x | N5: x | O5: x | P5: x/2 | X5: x | Y5: x | Z5: x | AA5: x | AB5: x | AC5: x | AD5: x | AE5: x | AI5: =COUNTIF(D5:AH5,"x")+COUNTIF(D5:AH5,"x-0,25")+COUNTIF(D5:AH5,"x-0,50")+COUNTIF(D5:AH5,"x-0.75")+COUNTIF(D5:AH5,"x-1")+COUNTIF(D5:AH5,"x-1,25")+COUNTIF(D5:AH5,"x-1,5")+COUNTIF(D5:AH5,"x-1,55")+COUNTIF(D5:AH5,"x-2")+COUNTIF(D5:AH5,"x/2")/2 -> 17.5 | AJ5: =0 -> 0 | AK5: =AI5+AJ5 -> 17.5
C6: C2 | AI6: =COUNTIF(D6:AH6,"x")+COUNTIF(D6:AH6,"x-0,25")+COUNTIF(D6:AH6,"x-0,50")+COUNTIF(D6:AH6,"x-0.75")+COUNTIF(D6:AH6,"x-1")+COUNTIF(D6:AH6,"x-1,25")+COUNTIF(D6:AH6,"x-1,5")+COUNTIF(D6:AH6,"x-1,55")+COUNTIF(D6:AH6,"x-2")+COUNTIF(D6:AH6,"x/2")/2 -> 0 | AJ6: =0 -> 0 | AK6: =AI6+AJ6 -> 0
C7: C3 | AI7: =COUNTIF(D7:AH7,"x")+COUNTIF(D7:AH7,"x-0,25")+COUNTIF(D7:AH7,"x-0,50")+COUNTIF(D7:AH7,"x-0.75")+COUNTIF(D7:AH7,"x-1")+COUNTIF(D7:AH7,"x-1,25")+COUNTIF(D7:AH7,"x-1,5")+COUNTIF(D7:AH7,"x-1,55")+COUNTIF(D7:AH7,"x-2")+COUNTIF(D7:AH7,"x/2")/2 -> 0 | AJ7: =0 -> 0 | AK7: =AI7+AJ7 -> 0
AI8: ="" | AJ8: ="" | AK8: =""
A9: 2 | B9: Trần Văn Dũng | C9: TC | AI9: =0 -> 0 | AJ9: =SUM(D9:AH9)/8 -> 0 | AK9: =AI9+AJ9 -> 0
C10: C1 | E10: x | F10: x | G10: x | H10: x | I10: x | J10: x | L10: x | M10: x | N10: x | O10: x | P10: x | Y10: x | Z10: x | AA10: x | AB10: x | AC10: x | AD10: x | AE10: x | AI10: =COUNTIF(D10:AH10,"x")+COUNTIF(D10:AH10,"x-0,25")+COUNTIF(D10:AH10,"x-0,50")+COUNTIF(D10:AH10,"x-0.75")+COUNTIF(D10:AH10,"x-1")+COUNTIF(D10:AH10,"x-1,25")+COUNTIF(D10:AH10,"x-1,5")+COUNTIF(D10:AH10,"x-1,55")+COUNTIF(D10:AH10,"x-2")+COUNTIF(D10:AH10,"x/2")/2 -> 18 | AJ10: =0 -> 0 | AK10: =AI10+AJ10 -> 18
C11: C2 | AI11: =COUNTIF(D11:AH11,"x")+COUNTIF(D11:AH11,"x-0,25")+COUNTIF(D11:AH11,"x-0,50")+COUNTIF(D11:AH11,"x-0.75")+COUNTIF(D11:AH11,"x-1")+COUNTIF(D11:AH11,"x-1,25")+COUNTIF(D11:AH11,"x-1,5")+COUNTIF(D11:AH11,"x-1,55")+COUNTIF(D11:AH11,"x-2")+COUNTIF(D11:AH11,"x/2")/2 -> 0 | AJ11: =0 -> 0 | AK11: =AI11+AJ11 -> 0
C12: C3 | AI12: =COUNTIF(D12:AH12,"x")+COUNTIF(D12:AH12,"x-0,25")+COUNTIF(D12:AH12,"x-0,50")+COUNTIF(D12:AH12,"x-0.75")+COUNTIF(D12:AH12,"x-1")+COUNTIF(D12:AH12,"x-1,25")+COUNTIF(D12:AH12,"x-1,5")+COUNTIF(D12:AH12,"x-1,55")+COUNTIF(D12:AH12,"x-2")+COUNTIF(D12:AH12,"x/2")/2 -> 0 | AJ12: =0 -> 0 | AK12: =AI12+AJ12 -> 0
AI13: ="" | AJ13: ="" | AK13: =""
A14: 3 | B14: Hoàng Ngọc Hà | C14: TC | K14: 0.75 | AI14: =0 -> 0 | AJ14: =SUM(D14:AH14)/8 -> 0.09375 | AK14: =AI14+AJ14 -> 0.09375
C15: C1 | E15: x | F15: x | G15: x | H15: x | I15: x | J15: x | K15: x | L15: x | M15: x | N15: x | O15: x | P15: x | X15: x | Y15: x | Z15: x | AA15: x | AB15: x | AC15: x | AD15: x | AE15: x | AI15: =COUNTIF(D15:AH15,"x")+COUNTIF(D15:AH15,"x-0,25")+COUNTIF(D15:AH15,"x-0,50")+COUNTIF(D15:AH15,"x-0.75")+COUNTIF(D15:AH15,"x-1")+COUNTIF(D15:AH15,"x-1,25")+COUNTIF(D15:AH15,"x-1,5")+COUNTIF(D15:AH15,"x-1,55")+COUNTIF(D15:AH15,"x-2")+COUNTIF(D15:AH15,"x/2")/2 -> 20 | AJ15: =0 -> 0 | AK15: =AI15+AJ15 -> 20
C16: C2 | AI16: =COUNTIF(D16:AH16,"x")+COUNTIF(D16:AH16,"x-0,25")+COUNTIF(D16:AH16,"x-0,50")+COUNTIF(D16:AH16,"x-0.75")+COUNTIF(D16:AH16,"x-1")+COUNTIF(D16:AH16,"x-1,25")+COUNTIF(D16:AH16,"x-1,5")+COUNTIF(D16:AH16,"x-1,55")+COUNTIF(D16:AH16,"x-2")+COUNTIF(D16:AH16,"x/2")/2 -> 0 | AJ16: =0 -> 0 | AK16: =AI16+AJ16 -> 0
C17: C3 | AI17: =COUNTIF(D17:AH17,"x")+COUNTIF(D17:AH17,"x-0,25")+COUNTIF(D17:AH17,"x-0,50")+COUNTIF(D17:AH17,"x-0.75")+COUNTIF(D17:AH17,"x-1")+COUNTIF(D17:AH17,"x-1,25")+COUNTIF(D17:AH17,"x-1,5")+COUNTIF(D17:AH17,"x-1,55")+COUNTIF(D17:AH17,"x-2")+COUNTIF(D17:AH17,"x/2")/2 -> 0 | AJ17: =0 -> 0 | AK17: =AI17+AJ17 -> 0
AI18: ="" | AJ18: ="" | AK18: =AI18+AJ18 -> #VALUE!
A19: 4 | B19: Phùng Đình Hùng | C19: TC | AI19: =0 -> 0 | AJ19: =SUM(D19:AH19)/8 -> 0 | AK19: =AI19+AJ19 -> 0
C20: C1 | E20: x | F20: x | G20: x | H20: x | I20: x | J20: 0 | K20: x | L20: x | M20: x | N20: x | O20: x | P20: x | Y20: x | Z20: x | AA20: x | AB20: x | AC20: x | AD20: x | AE20: x | AI20: =COUNTIF(D20:AH20,"x")+COUNTIF(D20:AH20,"x-0,25")+COUNTIF(D20:AH20,"x-0,50")+COUNTIF(D20:AH20,"x-0.75")+COUNTIF(D20:AH20,"x-1")+COUNTIF(D20:AH20,"x-1,25")+COUNTIF(D20:AH20,"x-1,5")+COUNTIF(D20:AH20,"x-1,55")+COUNTIF(D20:AH20,"x-2")+COUNTIF(D20:AH20,"x/2")/2 -> 18 | AJ20: =0 -> 0 | AK20: =AI20+AJ20 -> 18
C21: C2 | AI21: =COUNTIF(D21:AH21,"x")+COUNTIF(D21:AH21,"x-0,25")+COUNTIF(D21:AH21,"x-0,50")+COUNTIF(D21:AH21,"x-0.75")+COUNTIF(D21:AH21,"x-1")+COUNTIF(D21:AH21,"x-1,25")+COUNTIF(D21:AH21,"x-1,5")+COUNTIF(D21:AH21,"x-1,55")+COUNTIF(D21:AH21,"x-2")+COUNTIF(D21:AH21,"x/2")/2 -> 0 | AJ21: =0 -> 0 | AK21: =AI21+AJ21 -> 0
C22: C3 | AI22: =COUNTIF(D22:AH22,"x")+COUNTIF(D22:AH22,"x-0,25")+COUNTIF(D22:AH22,"x-0,50")+COUNTIF(D22:AH22,"x-0.75")+COUNTIF(D22:AH22,"x-1")+COUNTIF(D22:AH22,"x-1,25")+COUNTIF(D22:AH22,"x-1,5")+COUNTIF(D22:AH22,"x-1,55")+COUNTIF(D22:AH22,"x-2")+COUNTIF(D22:AH22,"x/2")/2 -> 0 | AJ22: =0 -> 0 | AK22: =AI22+AJ22 -> 0
AI23: ="" | AJ23: ="" | AK23: =""
A24: 5 | B24: Đặng Ngọc Long | C24: TC | AI24: =0 -> 0 | AJ24: =SUM(D24:AH24)/8 -> 0 | AK24: =AI24+AJ24 -> 0
C25: C1 | E25: x | F25: x | G25: x | H25: x | I25: x | J25: x | K25: x | L25: x | M25: x | N25: x | O25: x | P25: x | X25: x/2 | Y25: x | Z25: x | AA25: x | AB25: x | AC25: x | AD25: x | AE25: x | AI25: =COUNTIF(D25:AH25,"x")+COUNTIF(D25:AH25,"x-0,25")+COUNTIF(D25:AH25,"x-0,50")+COUNTIF(D25:AH25,"x-0.75")+COUNTIF(D25:AH25,"x-1")+COUNTIF(D25:AH25,"x-1,25")+COUNTIF(D25:AH25,"x-1,5")+COUNTIF(D25:AH25,"x-1,55")+COUNTIF(D25:AH25,"x-2")+COUNTIF(D25:AH25,"x/2")/2 -> 19.5 | AJ25: =0 -> 0 | AK25: =AI25+AJ25 -> 19.5
C26: C2 | AI26: =COUNTIF(D26:AH26,"x")+COUNTIF(D26:AH26,"x-0,25")+COUNTIF(D26:AH26,"x-0,50")+COUNTIF(D26:AH26,"x-0.75")+COUNTIF(D26:AH26,"x-1")+COUNTIF(D26:AH26,"x-1,25")+COUNTIF(D26:AH26,"x-1,5")+COUNTIF(D26:AH26,"x-1,55")+COUNTIF(D26:AH26,"x-2")+COUNTIF(D26:AH26,"x/2")/2 -> 0 | AJ26: =0 -> 0 | AK26: =AI26+AJ26 -> 0
C27: C3 | AI27: =COUNTIF(D27:AH27,"x")+COUNTIF(D27:AH27,"x-0,25")+COUNTIF(D27:AH27,"x-0,50")+COUNTIF(D27:AH27,"x-0.75")+COUNTIF(D27:AH27,"x-1")+COUNTIF(D27:AH27,"x-1,25")+COUNTIF(D27:AH27,"x-1,5")+COUNTIF(D27:AH27,"x-1,55")+COUNTIF(D27:AH27,"x-2")+COUNTIF(D27:AH27,"x/2")/2 -> 0 | AJ27: =0 -> 0 | AK27: =AI27+AJ27 -> 0
AI28: ="" | AJ28: ="" | AK28: =""
A29: 6 | B29: Trần Văn Nhận | C29: TC | AI29: =0 -> 0 | AJ29: =SUM(D29:AH29)/8 -> 0 | AK29: =AI29+AJ29 -> 0
C30: C1 | E30: x | F30: x | G30: x | H30: x | I30: x | J30: x | L30: x | M30: x | N30: x | O30: x | P30: x | X30: x | Y30: x | Z30: x | AA30: x | AB30: x | AC30: x | AD30: x | AE30: x | AI30: =COUNTIF(D30:AH30,"x")+COUNTIF(D30:AH30,"x-0,25")+COUNTIF(D30:AH30,"x-0,50")+COUNTIF(D30:AH30,"x-0.75")+COUNTIF(D30:AH30,"x-1")+COUNTIF(D30:AH30,"x-1,25")+COUNTIF(D30:AH30,"x-1,5")+COUNTIF(D30:AH30,"x-1,55")+COUNTIF(D30:AH30,"x-2")+COUNTIF(D30:AH30,"x/2")/2 -> 19 | AJ30: =0 -> 0 | AK30: =AI30+AJ30 -> 19
C31: C2 | AI31: =COUNTIF(D31:AH31,"x")+COUNTIF(D31:AH31,"x-0,25")+COUNTIF(D31:AH31,"x-0,50")+COUNTIF(D31:AH31,"x-0.75")+COUNTIF(D31:AH31,"x-1")+COUNTIF(D31:AH31,"x-1,25")+COUNTIF(D31:AH31,"x-1,5")+COUNTIF(D31:AH31,"x-1,55")+COUNTIF(D31:AH31,"x-2")+COUNTIF(D31:AH31,"x/2")/2 -> 0 | AJ31: =0 -> 0 | AK31: =AI31+AJ31 -> 0
C32: C3 | AI32: =COUNTIF(D32:AH32,"x")+COUNTIF(D32:AH32,"x-0,25")+COUNTIF(D32:AH32,"x-0,50")+COUNTIF(D32:AH32,"x-0.75")+COUNTIF(D32:AH32,"x-1")+COUNTIF(D32:AH32,"x-1,25")+COUNTIF(D32:AH32,"x-1,5")+COUNTIF(D32:AH32,"x-1,55")+COUNTIF(D32:AH32,"x-2")+COUNTIF(D32:AH32,"x/2")/2 -> 0 | AJ32: =0 -> 0 | AK32: =0 -> 0
AI33: ="" | AJ33: ="" | AK33: =""
A34: 7 | B34: Phùng Gia Phúc | C34: TC | AI34: =0 -> 0 | AJ34: =SUM(D34:AH34)/8 -> 0 | AK34: =AI34+AJ34 -> 0
C35: C1 | E35: x | F35: x | G35: x | H35: x | I35: x | J35: x | L35: x | M35: x | N35: x | O35: x | P35: x | Z35: x | AA35: x | AB35: x | AC35: 0 | AD35: 0 | AE35: 0 | AI35: =COUNTIF(D35:AH35,"x")+COUNTIF(D35:AH35,"x-0,25")+COUNTIF(D35:AH35,"x-0,50")+COUNTIF(D35:AH35,"x-0.75")+COUNTIF(D35:AH35,"x-1")+COUNTIF(D35:AH35,"x-1,25")+COUNTIF(D35:AH35,"x-1,5")+COUNTIF(D35:AH35,"x-1,55")+COUNTIF(D35:AH35,"x-2")+COUNTIF(D35:AH35,"x/2")/2 -> 14 | AJ35: =0 -> 0 | AK35: =AI35+AJ35 -> 14
C36: C2 | AI36: =COUNTIF(D36:AH36,"x")+COUNTIF(D36:AH36,"x-0,25")+COUNTIF(D36:AH36,"x-0,50")+COUNTIF(D36:AH36,"x-0.75")+COUNTIF(D36:AH36,"x-1")+COUNTIF(D36:AH36,"x-1,25")+COUNTIF(D36:AH36,"x-1,5")+COUNTIF(D36:AH36,"x-1,55")+COUNTIF(D36:AH36,"x-2")+COUNTIF(D36:AH36,"x/2")/2 -> 0 | AJ36: =0 -> 0 | AK36: =AI36+AJ36 -> 0
C37: C3 | F37: =+E37+1 -> 1 | G37: =+F37+1 -> 2 | H37: =+G37+1 -> 3 | I37: =+H37+1 -> 4 | J37: =+I37+1 -> 5 | K37: =+J37+1 -> 6 | L37: =+K37+1 -> 7 | M37: =+L37+1 -> 8 | ... AH37: =+AG37+1 -> 29 | AI37: =COUNTIF(D37:AH37,"x")+COUNTIF(D37:AH37,"x-0,25")+COUNTIF(D37:AH37,"x-0,50")+COUNTIF(D37:AH37,"x-0.75")+COUNTIF(D37:AH37,"x-1")+COUNTIF(D37:AH37,"x-1,25")+COUNTIF(D37:AH37,"x-1,5")+COUNTIF(D37:AH37,"x-1,55")+COUNTIF(D37:AH37,"x-2")+COUNTIF(D37:AH37,"x/2")/2 -> 0 | AJ37: =0 -> 0 | AK37: =AI37+AJ37 -> 0
AI38: ="" | AJ38: ="" | AK38: =""
A39: 8 | B39: Trần Văn Quỳnh | C39: TC | AI39: =0 -> 0 | AJ39: =SUM(D39:AH39)/8 -> 0 | AK39: =AI39+AJ39 -> 0
C40: C1 | E40: x | F40: x | G40: x | H40: x | I40: x | J40: 0 | K40: x | L40: x | M40: x | N40: x | O40: x | P40: x | X40: x | Y40: x | Z40: x | AA40: x | AB40: x | AC40: x | AD40: x | AE40: x | AI40: =COUNTIF(D40:AH40,"x")+COUNTIF(D40:AH40,"x-0,25")+COUNTIF(D40:AH40,"x-0,50")+COUNTIF(D40:AH40,"x-0.75")+COUNTIF(D40:AH40,"x-1")+COUNTIF(D40:AH40,"x-1,25")+COUNTIF(D40:AH40,"x-1,5")+COUNTIF(D40:AH40,"x-1,55")+COUNTIF(D40:AH40,"x-2")+COUNTIF(D40:AH40,"x/2")/2 -> 19 | AJ40: =0 -> 0 | AK40: =AI40+AJ40 -> 19
C41: C2 | AI41: =COUNTIF(D41:AH41,"x")+COUNTIF(D41:AH41,"x-0,25")+COUNTIF(D41:AH41,"x-0,50")+COUNTIF(D41:AH41,"x-0.75")+COUNTIF(D41:AH41,"x-1")+COUNTIF(D41:AH41,"x-1,25")+COUNTIF(D41:AH41,"x-1,5")+COUNTIF(D41:AH41,"x-1,55")+COUNTIF(D41:AH41,"x-2")+COUNTIF(D41:AH41,"x/2")/2 -> 0 | AJ41: =0 -> 0 | AK41: =AI41+AJ41 -> 0
C42: C3 | AI42: =COUNTIF(D42:AH42,"x")+COUNTIF(D42:AH42,"x-0,25")+COUNTIF(D42:AH42,"x-0,50")+COUNTIF(D42:AH42,"x-0.75")+COUNTIF(D42:AH42,"x-1")+COUNTIF(D42:AH42,"x-1,25")+COUNTIF(D42:AH42,"x-1,5")+COUNTIF(D42:AH42,"x-1,55")+COUNTIF(D42:AH42,"x-2")+COUNTIF(D42:AH42,"x/2")/2 -> 0 | AJ42: =0 -> 0 | AK42: =AI42+AJ42 -> 0
AI43: ="" | AJ43: ="" | AK43: =""
A44: 9 | B44: Phạm Ngọc Sam | C44: TC | AI44: =0 -> 0 | AJ44: =SUM(D44:AH44)/8 -> 0 | AK44: =AI44+AJ44 -> 0
C45: C1 | E45: 0 | F45: 0 | G45: 0 | H45: 0 | I45: 0 | J45: 0 | L45: x | M45: x | N45: x | O45: x | P45: x | X45: x | Z45: x | AA45: x | AB45: x | AC45: x | AD45: x | AE45: x | AI45: =COUNTIF(D45:AH45,"x")+COUNTIF(D45:AH45,"x-0,25")+COUNTIF(D45:AH45,"x-0,50")+COUNTIF(D45:AH45,"x-0.75")+COUNTIF(D45:AH45,"x-1")+COUNTIF(D45:AH45,"x-1,25")+COUNTIF(D45:AH45,"x-1,5")+COUNTIF(D45:AH45,"x-1,55")+COUNTIF(D45:AH45,"x-2")+COUNTIF(D45:AH45,"x/2")/2 -> 12 | AJ45: =0 -> 0 | AK45: =AI45+AJ45 -> 12
C46: C2 | AI46: =COUNTIF(D46:AH46,"x")+COUNTIF(D46:AH46,"x-0,25")+COUNTIF(D46:AH46,"x-0,50")+COUNTIF(D46:AH46,"x-0.75")+COUNTIF(D46:AH46,"x-1")+COUNTIF(D46:AH46,"x-1,25")+COUNTIF(D46:AH46,"x-1,5")+COUNTIF(D46:AH46,"x-1,55")+COUNTIF(D46:AH46,"x-2")+COUNTIF(D46:AH46,"x/2")/2 -> 0 | AJ46: =0 -> 0 | AK46: =AI46+AJ46 -> 0
C47: C3 | AI47: =COUNTIF(D47:AH47,"x")+COUNTIF(D47:AH47,"x-0,25")+COUNTIF(D47:AH47,"x-0,50")+COUNTIF(D47:AH47,"x-0.75")+COUNTIF(D47:AH47,"x-1")+COUNTIF(D47:AH47,"x-1,25")+COUNTIF(D47:AH47,"x-1,5")+COUNTIF(D47:AH47,"x-1,55")+COUNTIF(D47:AH47,"x-2")+COUNTIF(D47:AH47,"x/2")/2 -> 0 | AJ47: =0 -> 0 | AK47: =AI47+AJ47 -> 0
AI48: ="" | AJ48: ="" | AK48: =""
A49: 10 | B49: Phùng Công Thắng | C49: TC | AI49: =0 -> 0 | AJ49: =SUM(D49:AH49)/8 -> 0 | AK49: =AI49+AJ49 -> 0
C50: C1 | E50: x | F50: x | G50: x | H50: x | I50: x | J50: 0 | L50: x | M50: x | N50: x | O50: x | P50: x | X50: x | Z50: x | AA50: x | AB50: x | AC50: x | AD50: x | AE50: x | AI50: =COUNTIF(D50:AH50,"x")+COUNTIF(D50:AH50,"x-0,25")+COUNTIF(D50:AH50,"x-0,50")+COUNTIF(D50:AH50,"x-0.75")+COUNTIF(D50:AH50,"x-1")+COUNTIF(D50:AH50,"x-1,25")+COUNTIF(D50:AH50,"x-1,5")+COUNTIF(D50:AH50,"x-1,55")+COUNTIF(D50:AH50,"x-2")+COUNTIF(D50:AH50,"x/2")/2 -> 17 | AJ50: =0 -> 0 | AK50: =AI50+AJ50 -> 17
C51: C2 | AI51: =COUNTIF(D51:AH51,"x")+COUNTIF(D51:AH51,"x-0,25")+COUNTIF(D51:AH51,"x-0,50")+COUNTIF(D51:AH51,"x-0.75")+COUNTIF(D51:AH51,"x-1")+COUNTIF(D51:AH51,"x-1,25")+COUNTIF(D51:AH51,"x-1,5")+COUNTIF(D51:AH51,"x-1,55")+COUNTIF(D51:AH51,"x-2")+COUNTIF(D51:AH51,"x/2")/2 -> 0 | AJ51: =0 -> 0 | AK51: =AI51+AJ51 -> 0
C52: C3 | AI52: =COUNTIF(D52:AH52,"x")+COUNTIF(D52:AH52,"x-0,25")+COUNTIF(D52:AH52,"x-0,50")+COUNTIF(D52:AH52,"x-0.75")+COUNTIF(D52:AH52,"x-1")+COUNTIF(D52:AH52,"x-1,25")+COUNTIF(D52:AH52,"x-1,5")+COUNTIF(D52:AH52,"x-1,55")+COUNTIF(D52:AH52,"x-2")+COUNTIF(D52:AH52,"x/2")/2 -> 0 | AJ52: =0 -> 0 | AK52: =AI52+AJ52 -> 0
AI53: ="" | AJ53: ="" | AK53: =""
A54: 11 | B54: Nguyễn Văn Thanh | C54: TC | AI54: =0 -> 0 | AJ54: =SUM(D54:AH54)/8 -> 0 | AK54: =AI54+AJ54 -> 0
C55: C1 | E55: x | F55: x | G55: x | H55: x | I55: x | J55: x | L55: x | M55: x | N55: x | O55: x | P55: x | X55: x | Y55: x | Z55: x | AA55: x | AB55: x | AC55: x | AD55: x | AE55: x | AI55: =COUNTIF(D55:AH55,"x")+COUNTIF(D55:AH55,"x-0,25")+COUNTIF(D55:AH55,"x-0,50")+COUNTIF(D55:AH55,"x-0.75")+COUNTIF(D55:AH55,"x-1")+COUNTIF(D55:AH55,"x-1,25")+COUNTIF(D55:AH55,"x-1,5")+COUNTIF(D55:AH55,"x-1,55")+COUNTIF(D55:AH55,"x-2")+COUNTIF(D55:AH55,"x/2")/2 -> 19 | AJ55: =0 -> 0 | AK55: =AI55+AJ55 -> 19
C56: C2 | AI56: =COUNTIF(D56:AH56,"x")+COUNTIF(D56:AH56,"x-0,25")+COUNTIF(D56:AH56,"x-0,50")+COUNTIF(D56:AH56,"x-0.75")+COUNTIF(D56:AH56,"x-1")+COUNTIF(D56:AH56,"x-1,25")+COUNTIF(D56:AH56,"x-1,5")+COUNTIF(D56:AH56,"x-1,55")+COUNTIF(D56:AH56,"x-2")+COUNTIF(D56:AH56,"x/2")/2 -> 0 | AJ56: =0 -> 0 | AK56: =AI56+AJ56 -> 0
C57: C3 | AI57: =COUNTIF(D57:AH57,"x")+COUNTIF(D57:AH57,"x-0,25")+COUNTIF(D57:AH57,"x-0,50")+COUNTIF(D57:AH57,"x-0.75")+COUNTIF(D57:AH57,"x-1")+COUNTIF(D57:AH57,"x-1,25")+COUNTIF(D57:AH57,"x-1,5")+COUNTIF(D57:AH57,"x-1,55")+COUNTIF(D57:AH57,"x-2")+COUNTIF(D57:AH57,"x/2")/2 -> 0 | AJ57: =0 -> 0 | AK57: =AI57+AJ57 -> 0
AI58: ="" | AJ58: ="" | AK58: =""
A59: 12 | B59: Vũ Tiến Thuận | C59: TC | Y59: 5.25 | AI59: =0 -> 0 | AJ59: =SUM(D59:AH59)/8 -> 0.65625 | AK59: =AI59+AJ59 -> 0.65625
C60: C1 | E60: x | F60: x | G60: x | H60: x | I60: x | J60: x | L60: x | M60: x | N60: x | O60: x | P60: x | X60: x | Z60: x | AA60: x | AB60: x | AC60: x | AD60: x | AE60: x | AI60: =COUNTIF(D60:AH60,"x")+COUNTIF(D60:AH60,"x-0,25")+COUNTIF(D60:AH60,"x-0,50")+COUNTIF(D60:AH60,"x-0.75")+COUNTIF(D60:AH60,"x-1")+COUNTIF(D60:AH60,"x-1,25")+COUNTIF(D60:AH60,"x-1,5")+COUNTIF(D60:AH60,"x-1,55")+COUNTIF(D60:AH60,"x-2")+COUNTIF(D60:AH60,"x/2")/2 -> 18 | AJ60: =0 -> 0 | AK60: =AI60+AJ60 -> 18
C61: C2 | AI61: =COUNTIF(D61:AH61,"x")+COUNTIF(D61:AH61,"x-0,25")+COUNTIF(D61:AH61,"x-0,50")+COUNTIF(D61:AH61,"x-0.75")+COUNTIF(D61:AH61,"x-1")+COUNTIF(D61:AH61,"x-1,25")+COUNTIF(D61:AH61,"x-1,5")+COUNTIF(D61:AH61,"x-1,55")+COUNTIF(D61:AH61,"x-2")+COUNTIF(D61:AH61,"x/2")/2 -> 0 | AJ61: =0 -> 0 | AK61: =AI61+AJ61 -> 0
C62: C3 | AI62: =COUNTIF(D62:AH62,"x")+COUNTIF(D62:AH62,"x-0,25")+COUNTIF(D62:AH62,"x-0,50")+COUNTIF(D62:AH62,"x-0.75")+COUNTIF(D62:AH62,"x-1")+COUNTIF(D62:AH62,"x-1,25")+COUNTIF(D62:AH62,"x-1,5")+COUNTIF(D62:AH62,"x-1,55")+COUNTIF(D62:AH62,"x-2")+COUNTIF(D62:AH62,"x/2")/2 -> 0 | AJ62: =0 -> 0 | AK62: =AI62+AJ62 -> 0
AI63: ="" | AJ63: ="" | AK63: =""
A64: 13 | B64: Phạm Văn Tráng | C64: TC | F64: -1 | AI64: =0 -> 0 | AJ64: =SUM(D64:AH64)/8 -> -0.125 | AK64: =AI64+AJ64 -> -0.125
C65: C1 | E65: x | F65: x | G65: 0 | H65: x | I65: x | J65: 0 | L65: x | M65: x | N65: x | O65: 0 | P65: x | X65: x | Y65: x | Z65: x | AA65: 0 | AB65: x | AC65: x | AD65: x | AE65: x | AI65: =COUNTIF(D65:AH65,"x")+COUNTIF(D65:AH65,"x-0,25")+COUNTIF(D65:AH65,"x-0,50")+COUNTIF(D65:AH65,"x-0.75")+COUNTIF(D65:AH65,"x-1")+COUNTIF(D65:AH65,"x-1,25")+COUNTIF(D65:AH65,"x-1,5")+COUNTIF(D65:AH65,"x-1,55")+COUNTIF(D65:AH65,"x-2")+COUNTIF(D65:AH65,"x/2")/2 -> 15 | AJ65: =0 -> 0 | AK65: =AI65+AJ65 -> 15
C66: C2 | AI66: =COUNTIF(D66:AH66,"x")+COUNTIF(D66:AH66,"x-0,25")+COUNTIF(D66:AH66,"x-0,50")+COUNTIF(D66:AH66,"x-0.75")+COUNTIF(D66:AH66,"x-1")+COUNTIF(D66:AH66,"x-1,25")+COUNTIF(D66:AH66,"x-1,5")+COUNTIF(D66:AH66,"x-1,55")+COUNTIF(D66:AH66,"x-2")+COUNTIF(D66:AH66,"x/2")/2 -> 0 | AJ66: =0 -> 0 | AK66: =0 -> 0
C67: C3 | AI67: =COUNTIF(D67:AH67,"x")+COUNTIF(D67:AH67,"x-0,25")+COUNTIF(D67:AH67,"x-0,50")+COUNTIF(D67:AH67,"x-0.75")+COUNTIF(D67:AH67,"x-1")+COUNTIF(D67:AH67,"x-1,25")+COUNTIF(D67:AH67,"x-1,5")+COUNTIF(D67:AH67,"x-1,55")+COUNTIF(D67:AH67,"x-2")+COUNTIF(D67:AH67,"x/2")/2 -> 0 | AJ67: =0 -> 0 | AK67: =AI67+AJ67 -> 0
A68: Note: | B68: C1/C2/C3: Công theo ca; TC: Tăng ca (ĐVT: giờ) | AI68: ="" | AJ68: ="" | AK68: =""
D73: =+C73+1 -> 1 | E73: =+D73+1 -> 2 | F73: =+E73+1 -> 3 | G73: =+F73+1 -> 4 | H73: =+G73+1 -> 5 | I73: =+H73+1 -> 6 | J73: =+I73+1 -> 7 | K73: =+J73+1 -> 8 | ... AH73: =+AG73+1 -> 31
AI74: =0 -> 0 | AJ74: =SUM(D74:AH74)/8 -> 0 | AK74: =AI74+AJ74 -> 0
AI75: =0 -> 0 | AJ75: =SUM(D75:AH75)/8 -> 0 | AK75: =AI75+AJ75 -> 0
AI76: =0 -> 0 | AJ76: =SUM(D76:AH76)/8 -> 0 | AK76: =AI76+AJ76 -> 0
AI77: =0 -> 0 | AJ77: =SUM(D77:AH77)/8 -> 0 | AK77: =AI77+AJ77 -> 0
AI78: =0 -> 0 | AJ78: =SUM(D78:AH78)/8 -> 0 | AK78: =AI78+AJ78 -> 0
AI79: =0 -> 0 | AJ79: =SUM(D79:AH79)/8 -> 0 | AK79: =AI79+AJ79 -> 0
AI80: =0 -> 0 | AJ80: =SUM(D80:AH80)/8 -> 0 | AK80: =AI80+AJ80 -> 0
AI81: =0 -> 0 | AJ81: =SUM(D81:AH81)/8 -> 0 | AK81: =AI81+AJ81 -> 0
AI82: =0 -> 0 | AK82: =AI82+AJ82 -> 0
AI83: =0 -> 0 | AJ83: =0 -> 0 | AK83: =AI83+AJ83 -> 0
AI84: =0 -> 0 | AJ84: =0 -> 0 | AK84: =AI84+AJ84 -> 0
AI85: =0 -> 0 | AJ85: =0 -> 0 | AK85: =AI85+AJ85 -> 0
AI86: =0 -> 0 | AJ86: =0 -> 0 | AK86: =AI86+AJ86 -> 0
AI87: =0 -> 0 | AJ87: =0 -> 0 | AK87: =AI87+AJ87 -> 0
AI88: =0 -> 0 | AJ88: =0 -> 0 | AK88: =AI88+AJ88 -> 0
AI89: =0 -> 0 | AJ89: =0 -> 0 | AK89: =AI89+AJ89 -> 0
AI90: =0 -> 0 | AJ90: =0 -> 0 | AK90: =AI90+AJ90 -> 0
AI91: =0 -> 0 | AJ91: =0 -> 0 | AK91: =AI91+AJ91 -> 0
AI92: =0 -> 0 | AJ92: =0 -> 0 | AK92: =AI92+AJ92 -> 0
AI93: =0 -> 0 | AJ93: =0 -> 0 | AK93: =AI93+AJ93 -> 0
AI94: =0 -> 0 | AJ94: =0 -> 0 | AK94: =AI94+AJ94 -> 0
... AI125: =0 -> 0 | AJ125: =0 -> 0 | AK125: =AI125+AJ125 -> 0
AJ126: =SUM(AJ74:AJ125) -> 0 | AK126: =SUM(AK74:AK125) -> 0

Sheet T3
A1: Px GCCK | D1: BẢNG CHẤM CÔNG THÁNG - THÁNG 3/2026 | AI1: Tổng công ca | AJ1: Tổng công TC | AK1: ∑
D2: 46082
A3: STT | B3: Họ tên | D3: 46082 | E3: 46083 | F3: =+E3+1 -> 46084 | G3: =+F3+1 -> 46085 | H3: =+G3+1 -> 46086 | I3: =+H3+1 -> 46087 | J3: =+I3+1 -> 46088 | K3: =+J3+1 -> 46089 | L3: =+K3+1 -> 46090 | M3: =+L3+1 -> 46091 | ... AE3: =+AD3+1 -> 46109 | AF3: 46110 | AG3: =+AF3+1 -> 46111 | AH3: =+AG3+1 -> 46112
A4: 1 | B4: Nguyễn Trung Đông | C4: TC | AH4: 7.5 | AI4: =0 -> 0 | AJ4: =SUM(D4:AH4)/8 -> 0.9375 | AK4: =AI4+AJ4 -> 0.9375
C5: C1 | D5: x | E5: x | G5: x | H5: x | I5: x | J5: x | K5: x | L5: x | M5: x | N5: x | O5: x | P5: x | Q5: x | R5: X | S5: x | T5: x | U5: x | V5: x/2 | W5: x | X5: x | Y5: x | Z5: x | AB5: x | AC5: x | AD5: x | AE5: x | AF5: x | AG5: x | AI5: =COUNTIF(D5:AH5,"x")+COUNTIF(D5:AH5,"x-0,25")+COUNTIF(D5:AH5,"x-0,50")+COUNTIF(D5:AH5,"x-0.75")+COUNTIF(D5:AH5,"x-1")+COUNTIF(D5:AH5,"x-1,25")+COUNTIF(D5:AH5,"x-1,5")+COUNTIF(D5:AH5,"x-1,55")+COUNTIF(D5:AH5,"x-2")+COUNTIF(D5:AH5,"x/2")/2 -> 27.5 | AJ5: =0 -> 0 | AK5: =AI5+AJ5 -> 27.5
C6: C2 | AI6: =COUNTIF(D6:AH6,"x")+COUNTIF(D6:AH6,"x-0,25")+COUNTIF(D6:AH6,"x-0,50")+COUNTIF(D6:AH6,"x-0.75")+COUNTIF(D6:AH6,"x-1")+COUNTIF(D6:AH6,"x-1,25")+COUNTIF(D6:AH6,"x-1,5")+COUNTIF(D6:AH6,"x-1,55")+COUNTIF(D6:AH6,"x-2")+COUNTIF(D6:AH6,"x/2")/2 -> 0 | AJ6: =0 -> 0 | AK6: =AI6+AJ6 -> 0
C7: C3 | AI7: =COUNTIF(D7:AH7,"x")+COUNTIF(D7:AH7,"x-0,25")+COUNTIF(D7:AH7,"x-0,50")+COUNTIF(D7:AH7,"x-0.75")+COUNTIF(D7:AH7,"x-1")+COUNTIF(D7:AH7,"x-1,25")+COUNTIF(D7:AH7,"x-1,5")+COUNTIF(D7:AH7,"x-1,55")+COUNTIF(D7:AH7,"x-2")+COUNTIF(D7:AH7,"x/2")/2 -> 0 | AJ7: =0 -> 0 | AK7: =AI7+AJ7 -> 0
AI8: ="" | AJ8: ="" | AK8: =""
A9: 2 | B9: Trần Văn Dũng | C9: TC | AH9: 8.5 | AI9: =0 -> 0 | AJ9: =SUM(D9:AH9)/8 -> 1.0625 | AK9: =AI9+AJ9 -> 1.0625
C10: C1 | D10: x | E10: x | G10: x | H10: x | I10: x | J10: x | K10: x | L10: x | M10: x | N10: x | O10: x | P10: x | Q10: x | R10: X | S10: x | T10: x | U10: x | V10: x/3 | W10: x | X10: x | Y10: x | Z10: x | AB10: x | AC10: x | AD10: x | AE10: x | AF10: x | AG10: x | AI10: =COUNTIF(D10:AH10,"x")+COUNTIF(D10:AH10,"x-0,25")+COUNTIF(D10:AH10,"x-0,50")+COUNTIF(D10:AH10,"x-0.75")+COUNTIF(D10:AH10,"x-1")+COUNTIF(D10:AH10,"x-1,25")+COUNTIF(D10:AH10,"x-1,5")+COUNTIF(D10:AH10,"x-1,55")+COUNTIF(D10:AH10,"x-2")+COUNTIF(D10:AH10,"x/2")/2 -> 27 | AJ10: =0 -> 0 | AK10: =AI10+AJ10 -> 27
C11: C2 | AI11: =COUNTIF(D11:AH11,"x")+COUNTIF(D11:AH11,"x-0,25")+COUNTIF(D11:AH11,"x-0,50")+COUNTIF(D11:AH11,"x-0.75")+COUNTIF(D11:AH11,"x-1")+COUNTIF(D11:AH11,"x-1,25")+COUNTIF(D11:AH11,"x-1,5")+COUNTIF(D11:AH11,"x-1,55")+COUNTIF(D11:AH11,"x-2")+COUNTIF(D11:AH11,"x/2")/2 -> 0 | AJ11: =0 -> 0 | AK11: =AI11+AJ11 -> 0
C12: C3 | AI12: =COUNTIF(D12:AH12,"x")+COUNTIF(D12:AH12,"x-0,25")+COUNTIF(D12:AH12,"x-0,50")+COUNTIF(D12:AH12,"x-0.75")+COUNTIF(D12:AH12,"x-1")+COUNTIF(D12:AH12,"x-1,25")+COUNTIF(D12:AH12,"x-1,5")+COUNTIF(D12:AH12,"x-1,55")+COUNTIF(D12:AH12,"x-2")+COUNTIF(D12:AH12,"x/2")/2 -> 0 | AJ12: =0 -> 0 | AK12: =AI12+AJ12 -> 0
AI13: ="" | AJ13: ="" | AK13: =""
A14: 3 | B14: Hoàng Ngọc Hà | C14: TC | AH14: 9.5 | AI14: =0 -> 0 | AJ14: =SUM(D14:AH14)/8 -> 1.1875 | AK14: =AI14+AJ14 -> 1.1875
C15: C1 | D15: x | E15: x | G15: x | H15: x | I15: x | J15: x | K15: x | L15: x | M15: x | N15: x | O15: x | P15: x | Q15: x | R15: X | S15: x | T15: x | U15: x | V15: x/4 | W15: x | X15: x | Y15: x | Z15: x | AB15: x | AC15: x | AD15: x | AE15: x | AF15: x | AG15: x | AI15: =COUNTIF(D15:AH15,"x")+COUNTIF(D15:AH15,"x-0,25")+COUNTIF(D15:AH15,"x-0,50")+COUNTIF(D15:AH15,"x-0.75")+COUNTIF(D15:AH15,"x-1")+COUNTIF(D15:AH15,"x-1,25")+COUNTIF(D15:AH15,"x-1,5")+COUNTIF(D15:AH15,"x-1,55")+COUNTIF(D15:AH15,"x-2")+COUNTIF(D15:AH15,"x/2")/2 -> 27 | AJ15: =0 -> 0 | AK15: =AI15+AJ15 -> 27
C16: C2 | AI16: =COUNTIF(D16:AH16,"x")+COUNTIF(D16:AH16,"x-0,25")+COUNTIF(D16:AH16,"x-0,50")+COUNTIF(D16:AH16,"x-0.75")+COUNTIF(D16:AH16,"x-1")+COUNTIF(D16:AH16,"x-1,25")+COUNTIF(D16:AH16,"x-1,5")+COUNTIF(D16:AH16,"x-1,55")+COUNTIF(D16:AH16,"x-2")+COUNTIF(D16:AH16,"x/2")/2 -> 0 | AJ16: =0 -> 0 | AK16: =AI16+AJ16 -> 0
C17: C3 | AI17: =COUNTIF(D17:AH17,"x")+COUNTIF(D17:AH17,"x-0,25")+COUNTIF(D17:AH17,"x-0,50")+COUNTIF(D17:AH17,"x-0.75")+COUNTIF(D17:AH17,"x-1")+COUNTIF(D17:AH17,"x-1,25")+COUNTIF(D17:AH17,"x-1,5")+COUNTIF(D17:AH17,"x-1,55")+COUNTIF(D17:AH17,"x-2")+COUNTIF(D17:AH17,"x/2")/2 -> 0 | AJ17: =0 -> 0 | AK17: =AI17+AJ17 -> 0
AI18: ="" | AJ18: ="" | AK18: =AI18+AJ18 -> #VALUE!
A19: 4 | B19: Phùng Đình Hùng | C19: TC | AH19: 10.5 | AI19: =0 -> 0 | AJ19: =SUM(D19:AH19)/8 -> 1.3125 | AK19: =AI19+AJ19 -> 1.3125
C20: C1 | D20: x | E20: x | G20: x | H20: x | I20: x | J20: x | K20: x | L20: x | M20: x | N20: x | O20: x | P20: x | Q20: x | R20: X | S20: x | T20: x | U20: x | V20: x/5 | W20: x | X20: x | Y20: x | Z20: x | AB20: x | AC20: x | AD20: x | AE20: x | AF20: x | AG20: x | AI20: =COUNTIF(D20:AH20,"x")+COUNTIF(D20:AH20,"x-0,25")+COUNTIF(D20:AH20,"x-0,50")+COUNTIF(D20:AH20,"x-0.75")+COUNTIF(D20:AH20,"x-1")+COUNTIF(D20:AH20,"x-1,25")+COUNTIF(D20:AH20,"x-1,5")+COUNTIF(D20:AH20,"x-1,55")+COUNTIF(D20:AH20,"x-2")+COUNTIF(D20:AH20,"x/2")/2 -> 27 | AJ20: =0 -> 0 | AK20: =AI20+AJ20 -> 27
C21: C2 | AI21: =COUNTIF(D21:AH21,"x")+COUNTIF(D21:AH21,"x-0,25")+COUNTIF(D21:AH21,"x-0,50")+COUNTIF(D21:AH21,"x-0.75")+COUNTIF(D21:AH21,"x-1")+COUNTIF(D21:AH21,"x-1,25")+COUNTIF(D21:AH21,"x-1,5")+COUNTIF(D21:AH21,"x-1,55")+COUNTIF(D21:AH21,"x-2")+COUNTIF(D21:AH21,"x/2")/2 -> 0 | AJ21: =0 -> 0 | AK21: =AI21+AJ21 -> 0
C22: C3 | AI22: =COUNTIF(D22:AH22,"x")+COUNTIF(D22:AH22,"x-0,25")+COUNTIF(D22:AH22,"x-0,50")+COUNTIF(D22:AH22,"x-0.75")+COUNTIF(D22:AH22,"x-1")+COUNTIF(D22:AH22,"x-1,25")+COUNTIF(D22:AH22,"x-1,5")+COUNTIF(D22:AH22,"x-1,55")+COUNTIF(D22:AH22,"x-2")+COUNTIF(D22:AH22,"x/2")/2 -> 0 | AJ22: =0 -> 0 | AK22: =AI22+AJ22 -> 0
AI23: ="" | AJ23: ="" | AK23: =""
A24: 5 | B24: Đặng Ngọc Long | C24: TC | AH24: 11.5 | AI24: =0 -> 0 | AJ24: =SUM(D24:AH24)/8 -> 1.4375 | AK24: =AI24+AJ24 -> 1.4375
C25: C1 | D25: x | E25: x | G25: x | H25: x | I25: x | J25: x | K25: x | L25: x | M25: x | N25: x | O25: x | P25: x | Q25: x | R25: X | S25: x | T25: x | U25: x | V25: x/6 | W25: x | X25: x | Y25: x | Z25: x | AB25: x | AC25: x | AD25: x | AE25: x | AF25: x | AG25: x | AI25: =COUNTIF(D25:AH25,"x")+COUNTIF(D25:AH25,"x-0,25")+COUNTIF(D25:AH25,"x-0,50")+COUNTIF(D25:AH25,"x-0.75")+COUNTIF(D25:AH25,"x-1")+COUNTIF(D25:AH25,"x-1,25")+COUNTIF(D25:AH25,"x-1,5")+COUNTIF(D25:AH25,"x-1,55")+COUNTIF(D25:AH25,"x-2")+COUNTIF(D25:AH25,"x/2")/2 -> 27 | AJ25: =0 -> 0 | AK25: =AI25+AJ25 -> 27
C26: C2 | AI26: =COUNTIF(D26:AH26,"x")+COUNTIF(D26:AH26,"x-0,25")+COUNTIF(D26:AH26,"x-0,50")+COUNTIF(D26:AH26,"x-0.75")+COUNTIF(D26:AH26,"x-1")+COUNTIF(D26:AH26,"x-1,25")+COUNTIF(D26:AH26,"x-1,5")+COUNTIF(D26:AH26,"x-1,55")+COUNTIF(D26:AH26,"x-2")+COUNTIF(D26:AH26,"x/2")/2 -> 0 | AJ26: =0 -> 0 | AK26: =AI26+AJ26 -> 0
C27: C3 | AI27: =COUNTIF(D27:AH27,"x")+COUNTIF(D27:AH27,"x-0,25")+COUNTIF(D27:AH27,"x-0,50")+COUNTIF(D27:AH27,"x-0.75")+COUNTIF(D27:AH27,"x-1")+COUNTIF(D27:AH27,"x-1,25")+COUNTIF(D27:AH27,"x-1,5")+COUNTIF(D27:AH27,"x-1,55")+COUNTIF(D27:AH27,"x-2")+COUNTIF(D27:AH27,"x/2")/2 -> 0 | AJ27: =0 -> 0 | AK27: =AI27+AJ27 -> 0
AI28: ="" | AJ28: ="" | AK28: =""
A29: 6 | B29: Trần Văn Nhận | C29: TC | AH29: 12.5 | AI29: =0 -> 0 | AJ29: =SUM(D29:AH29)/8 -> 1.5625 | AK29: =AI29+AJ29 -> 1.5625
C30: C1 | D30: x | E30: x | G30: x | H30: x | I30: x | J30: x | K30: x | L30: x | M30: x | N30: x | O30: x | P30: x | Q30: x | R30: X | S30: x | T30: x | U30: x | V30: x/7 | W30: x | X30: x | Y30: x | Z30: x | AB30: x | AC30: x | AD30: x | AE30: x | AF30: x | AG30: x | AI30: =COUNTIF(D30:AH30,"x")+COUNTIF(D30:AH30,"x-0,25")+COUNTIF(D30:AH30,"x-0,50")+COUNTIF(D30:AH30,"x-0.75")+COUNTIF(D30:AH30,"x-1")+COUNTIF(D30:AH30,"x-1,25")+COUNTIF(D30:AH30,"x-1,5")+COUNTIF(D30:AH30,"x-1,55")+COUNTIF(D30:AH30,"x-2")+COUNTIF(D30:AH30,"x/2")/2 -> 27 | AJ30: =0 -> 0 | AK30: =0 -> 0
C31: C2 | AI31: =COUNTIF(D31:AH31,"x")+COUNTIF(D31:AH31,"x-0,25")+COUNTIF(D31:AH31,"x-0,50")+COUNTIF(D31:AH31,"x-0.75")+COUNTIF(D31:AH31,"x-1")+COUNTIF(D31:AH31,"x-1,25")+COUNTIF(D31:AH31,"x-1,5")+COUNTIF(D31:AH31,"x-1,55")+COUNTIF(D31:AH31,"x-2")+COUNTIF(D31:AH31,"x/2")/2 -> 0 | AJ31: =0 -> 0 | AK31: =AI31+AJ31 -> 0
C32: C3 | AI32: =COUNTIF(D32:AH32,"x")+COUNTIF(D32:AH32,"x-0,25")+COUNTIF(D32:AH32,"x-0,50")+COUNTIF(D32:AH32,"x-0.75")+COUNTIF(D32:AH32,"x-1")+COUNTIF(D32:AH32,"x-1,25")+COUNTIF(D32:AH32,"x-1,5")+COUNTIF(D32:AH32,"x-1,55")+COUNTIF(D32:AH32,"x-2")+COUNTIF(D32:AH32,"x/2")/2 -> 0 | AJ32: =0 -> 0 | AK32: =AI32+AJ32 -> 0
AI33: ="" | AJ33: ="" | AK33: =""
A34: 7 | B34: Phùng Gia Phúc | C34: TC | AH34: 13.5 | AI34: =0 -> 0 | AJ34: =SUM(D34:AH34)/8 -> 1.6875 | AK34: =AI34+AJ34 -> 1.6875
C35: C1 | D35: x | E35: x | G35: x | H35: x | I35: x | J35: x | K35: x | L35: x | M35: x | N35: x | O35: x | P35: x | Q35: x | R35: X | S35: x | T35: x | U35: x | V35: x/8 | W35: x | X35: x | Y35: x | Z35: x | AB35: x | AC35: x | AD35: x | AE35: x | AF35: x | AG35: x | AI35: =COUNTIF(D35:AH35,"x")+COUNTIF(D35:AH35,"x-0,25")+COUNTIF(D35:AH35,"x-0,50")+COUNTIF(D35:AH35,"x-0.75")+COUNTIF(D35:AH35,"x-1")+COUNTIF(D35:AH35,"x-1,25")+COUNTIF(D35:AH35,"x-1,5")+COUNTIF(D35:AH35,"x-1,55")+COUNTIF(D35:AH35,"x-2")+COUNTIF(D35:AH35,"x/2")/2 -> 27 | AJ35: =0 -> 0 | AK35: =AI35+AJ35 -> 27
C36: C2 | AI36: =COUNTIF(D36:AH36,"x")+COUNTIF(D36:AH36,"x-0,25")+COUNTIF(D36:AH36,"x-0,50")+COUNTIF(D36:AH36,"x-0.75")+COUNTIF(D36:AH36,"x-1")+COUNTIF(D36:AH36,"x-1,25")+COUNTIF(D36:AH36,"x-1,5")+COUNTIF(D36:AH36,"x-1,55")+COUNTIF(D36:AH36,"x-2")+COUNTIF(D36:AH36,"x/2")/2 -> 0 | AJ36: =0 -> 0 | AK36: =AI36+AJ36 -> 0
C37: C3 | AI37: =COUNTIF(D37:AH37,"x")+COUNTIF(D37:AH37,"x-0,25")+COUNTIF(D37:AH37,"x-0,50")+COUNTIF(D37:AH37,"x-0.75")+COUNTIF(D37:AH37,"x-1")+COUNTIF(D37:AH37,"x-1,25")+COUNTIF(D37:AH37,"x-1,5")+COUNTIF(D37:AH37,"x-1,55")+COUNTIF(D37:AH37,"x-2")+COUNTIF(D37:AH37,"x/2")/2 -> 0 | AJ37: =0 -> 0 | AK37: =AI37+AJ37 -> 0
AI38: ="" | AJ38: ="" | AK38: =""
A39: 8 | B39: Trần Văn Quỳnh | C39: TC | AH39: 14.5 | AI39: =0 -> 0 | AJ39: =SUM(D39:AH39)/8 -> 1.8125 | AK39: =AI39+AJ39 -> 1.8125
C40: C1 | D40: x | E40: x | G40: x | H40: x | I40: x | J40: x | K40: x | L40: x | M40: x | N40: x | O40: x | P40: x | Q40: x | R40: X | S40: x | T40: x | U40: x | V40: x/9 | W40: x | X40: x | Y40: x | Z40: x | AB40: x | AC40: x | AD40: x | AE40: x | AF40: x | AG40: x | AI40: =COUNTIF(D40:AH40,"x")+COUNTIF(D40:AH40,"x-0,25")+COUNTIF(D40:AH40,"x-0,50")+COUNTIF(D40:AH40,"x-0.75")+COUNTIF(D40:AH40,"x-1")+COUNTIF(D40:AH40,"x-1,25")+COUNTIF(D40:AH40,"x-1,5")+COUNTIF(D40:AH40,"x-1,55")+COUNTIF(D40:AH40,"x-2")+COUNTIF(D40:AH40,"x/2")/2 -> 27 | AJ40: =0 -> 0 | AK40: =AI40+AJ40 -> 27
C41: C2 | AI41: =COUNTIF(D41:AH41,"x")+COUNTIF(D41:AH41,"x-0,25")+COUNTIF(D41:AH41,"x-0,50")+COUNTIF(D41:AH41,"x-0.75")+COUNTIF(D41:AH41,"x-1")+COUNTIF(D41:AH41,"x-1,25")+COUNTIF(D41:AH41,"x-1,5")+COUNTIF(D41:AH41,"x-1,55")+COUNTIF(D41:AH41,"x-2")+COUNTIF(D41:AH41,"x/2")/2 -> 0 | AJ41: =0 -> 0 | AK41: =AI41+AJ41 -> 0
C42: C3 | AI42: =COUNTIF(D42:AH42,"x")+COUNTIF(D42:AH42,"x-0,25")+COUNTIF(D42:AH42,"x-0,50")+COUNTIF(D42:AH42,"x-0.75")+COUNTIF(D42:AH42,"x-1")+COUNTIF(D42:AH42,"x-1,25")+COUNTIF(D42:AH42,"x-1,5")+COUNTIF(D42:AH42,"x-1,55")+COUNTIF(D42:AH42,"x-2")+COUNTIF(D42:AH42,"x/2")/2 -> 0 | AJ42: =0 -> 0 | AK42: =AI42+AJ42 -> 0
AI43: ="" | AJ43: ="" | AK43: =""
A44: 9 | B44: Phạm Ngọc Sam | C44: TC | AH44: 15.5 | AI44: =0 -> 0 | AJ44: =SUM(D44:AH44)/8 -> 1.9375 | AK44: =AI44+AJ44 -> 1.9375
C45: C1 | D45: x | E45: x | G45: x | H45: x | I45: x | J45: x | K45: x | L45: x | M45: x | N45: x | O45: x | P45: x | Q45: x | R45: X | S45: x | T45: x | U45: x | V45: x/10 | W45: x | X45: x | Y45: x | Z45: x | AB45: x | AC45: x | AD45: x | AE45: x | AF45: x | AG45: x | AI45: =COUNTIF(D45:AH45,"x")+COUNTIF(D45:AH45,"x-0,25")+COUNTIF(D45:AH45,"x-0,50")+COUNTIF(D45:AH45,"x-0.75")+COUNTIF(D45:AH45,"x-1")+COUNTIF(D45:AH45,"x-1,25")+COUNTIF(D45:AH45,"x-1,5")+COUNTIF(D45:AH45,"x-1,55")+COUNTIF(D45:AH45,"x-2")+COUNTIF(D45:AH45,"x/2")/2 -> 27 | AJ45: =0 -> 0 | AK45: =AI45+AJ45 -> 27
C46: C2 | AI46: =COUNTIF(D46:AH46,"x")+COUNTIF(D46:AH46,"x-0,25")+COUNTIF(D46:AH46,"x-0,50")+COUNTIF(D46:AH46,"x-0.75")+COUNTIF(D46:AH46,"x-1")+COUNTIF(D46:AH46,"x-1,25")+COUNTIF(D46:AH46,"x-1,5")+COUNTIF(D46:AH46,"x-1,55")+COUNTIF(D46:AH46,"x-2")+COUNTIF(D46:AH46,"x/2")/2 -> 0 | AJ46: =0 -> 0 | AK46: =AI46+AJ46 -> 0
C47: C3 | AI47: =COUNTIF(D47:AH47,"x")+COUNTIF(D47:AH47,"x-0,25")+COUNTIF(D47:AH47,"x-0,50")+COUNTIF(D47:AH47,"x-0.75")+COUNTIF(D47:AH47,"x-1")+COUNTIF(D47:AH47,"x-1,25")+COUNTIF(D47:AH47,"x-1,5")+COUNTIF(D47:AH47,"x-1,55")+COUNTIF(D47:AH47,"x-2")+COUNTIF(D47:AH47,"x/2")/2 -> 0 | AJ47: =0 -> 0 | AK47: =AI47+AJ47 -> 0
AI48: ="" | AJ48: ="" | AK48: =""
A49: 10 | B49: Phùng Công Thắng | C49: TC | AH49: 16.5 | AI49: =0 -> 0 | AJ49: =SUM(D49:AH49)/8 -> 2.0625 | AK49: =AI49+AJ49 -> 2.0625
C50: C1 | D50: x | E50: x | G50: x | H50: x | I50: x | J50: x | K50: x | L50: x | M50: x | N50: x | O50: x | P50: x | Q50: x | R50: X | S50: x | T50: x | U50: x | V50: x/11 | W50: x | X50: x | Y50: x | Z50: x | AB50: x | AC50: x | AD50: x | AE50: x | AF50: x | AG50: x | AI50: =COUNTIF(D50:AH50,"x")+COUNTIF(D50:AH50,"x-0,25")+COUNTIF(D50:AH50,"x-0,50")+COUNTIF(D50:AH50,"x-0.75")+COUNTIF(D50:AH50,"x-1")+COUNTIF(D50:AH50,"x-1,25")+COUNTIF(D50:AH50,"x-1,5")+COUNTIF(D50:AH50,"x-1,55")+COUNTIF(D50:AH50,"x-2")+COUNTIF(D50:AH50,"x/2")/2 -> 27 | AJ50: =0 -> 0 | AK50: =AI50+AJ50 -> 27
C51: C2 | AI51: =COUNTIF(D51:AH51,"x")+COUNTIF(D51:AH51,"x-0,25")+COUNTIF(D51:AH51,"x-0,50")+COUNTIF(D51:AH51,"x-0.75")+COUNTIF(D51:AH51,"x-1")+COUNTIF(D51:AH51,"x-1,25")+COUNTIF(D51:AH51,"x-1,5")+COUNTIF(D51:AH51,"x-1,55")+COUNTIF(D51:AH51,"x-2")+COUNTIF(D51:AH51,"x/2")/2 -> 0 | AJ51: =0 -> 0 | AK51: =AI51+AJ51 -> 0
C52: C3 | AI52: =COUNTIF(D52:AH52,"x")+COUNTIF(D52:AH52,"x-0,25")+COUNTIF(D52:AH52,"x-0,50")+COUNTIF(D52:AH52,"x-0.75")+COUNTIF(D52:AH52,"x-1")+COUNTIF(D52:AH52,"x-1,25")+COUNTIF(D52:AH52,"x-1,5")+COUNTIF(D52:AH52,"x-1,55")+COUNTIF(D52:AH52,"x-2")+COUNTIF(D52:AH52,"x/2")/2 -> 0 | AJ52: =0 -> 0 | AK52: =AI52+AJ52 -> 0
AI53: ="" | AJ53: ="" | AK53: =""
A54: 11 | B54: Nguyễn Văn Thanh | C54: TC | AH54: 17.5 | AI54: =0 -> 0 | AJ54: =SUM(D54:AH54)/8 -> 2.1875 | AK54: =AI54+AJ54 -> 2.1875
C55: C1 | D55: x | E55: x | G55: x | H55: x | I55: x | J55: x | K55: x | L55: x | M55: x | N55: x | O55: x | P55: x | Q55: x | R55: X | S55: x | T55: x | U55: x | V55: x/12 | W55: x | X55: x | Y55: x | Z55: x | AB55: x | AC55: x | AD55: x | AE55: x | AF55: x | AG55: x | AI55: =COUNTIF(D55:AH55,"x")+COUNTIF(D55:AH55,"x-0,25")+COUNTIF(D55:AH55,"x-0,50")+COUNTIF(D55:AH55,"x-0.75")+COUNTIF(D55:AH55,"x-1")+COUNTIF(D55:AH55,"x-1,25")+COUNTIF(D55:AH55,"x-1,5")+COUNTIF(D55:AH55,"x-1,55")+COUNTIF(D55:AH55,"x-2")+COUNTIF(D55:AH55,"x/2")/2 -> 27 | AJ55: =0 -> 0 | AK55: =AI55+AJ55 -> 27
C56: C2 | AI56: =COUNTIF(D56:AH56,"x")+COUNTIF(D56:AH56,"x-0,25")+COUNTIF(D56:AH56,"x-0,50")+COUNTIF(D56:AH56,"x-0.75")+COUNTIF(D56:AH56,"x-1")+COUNTIF(D56:AH56,"x-1,25")+COUNTIF(D56:AH56,"x-1,5")+COUNTIF(D56:AH56,"x-1,55")+COUNTIF(D56:AH56,"x-2")+COUNTIF(D56:AH56,"x/2")/2 -> 0 | AJ56: =0 -> 0 | AK56: =AI56+AJ56 -> 0
C57: C3 | AI57: =COUNTIF(D57:AH57,"x")+COUNTIF(D57:AH57,"x-0,25")+COUNTIF(D57:AH57,"x-0,50")+COUNTIF(D57:AH57,"x-0.75")+COUNTIF(D57:AH57,"x-1")+COUNTIF(D57:AH57,"x-1,25")+COUNTIF(D57:AH57,"x-1,5")+COUNTIF(D57:AH57,"x-1,55")+COUNTIF(D57:AH57,"x-2")+COUNTIF(D57:AH57,"x/2")/2 -> 0 | AJ57: =0 -> 0 | AK57: =AI57+AJ57 -> 0
AI58: ="" | AJ58: ="" | AK58: =""
A59: 12 | B59: Vũ Tiến Thuận | C59: TC | AH59: 18.5 | AI59: =0 -> 0 | AJ59: =SUM(D59:AH59)/8 -> 2.3125 | AK59: =AI59+AJ59 -> 2.3125
C60: C1 | D60: x | E60: x | G60: x | H60: x | I60: x | J60: x | K60: x | L60: x | M60: x | N60: x | O60: x | P60: x | Q60: x | R60: X | S60: x | T60: x | U60: x | V60: x/13 | W60: x | X60: x | Y60: x | Z60: x | AD60: x | AE60: x | AF60: x | AG60: x | AI60: =COUNTIF(D60:AH60,"x")+COUNTIF(D60:AH60,"x-0,25")+COUNTIF(D60:AH60,"x-0,50")+COUNTIF(D60:AH60,"x-0.75")+COUNTIF(D60:AH60,"x-1")+COUNTIF(D60:AH60,"x-1,25")+COUNTIF(D60:AH60,"x-1,5")+COUNTIF(D60:AH60,"x-1,55")+COUNTIF(D60:AH60,"x-2")+COUNTIF(D60:AH60,"x/2")/2 -> 25 | AJ60: =0 -> 0 | AK60: =AI60+AJ60 -> 25
C61: C2 | AI61: =COUNTIF(D61:AH61,"x")+COUNTIF(D61:AH61,"x-0,25")+COUNTIF(D61:AH61,"x-0,50")+COUNTIF(D61:AH61,"x-0.75")+COUNTIF(D61:AH61,"x-1")+COUNTIF(D61:AH61,"x-1,25")+COUNTIF(D61:AH61,"x-1,5")+COUNTIF(D61:AH61,"x-1,55")+COUNTIF(D61:AH61,"x-2")+COUNTIF(D61:AH61,"x/2")/2 -> 0 | AJ61: =0 -> 0 | AK61: =AI61+AJ61 -> 0
C62: C3 | AI62: =COUNTIF(D62:AH62,"x")+COUNTIF(D62:AH62,"x-0,25")+COUNTIF(D62:AH62,"x-0,50")+COUNTIF(D62:AH62,"x-0.75")+COUNTIF(D62:AH62,"x-1")+COUNTIF(D62:AH62,"x-1,25")+COUNTIF(D62:AH62,"x-1,5")+COUNTIF(D62:AH62,"x-1,55")+COUNTIF(D62:AH62,"x-2")+COUNTIF(D62:AH62,"x/2")/2 -> 0 | AJ62: =0 -> 0 | AK62: =AI62+AJ62 -> 0
AI63: ="" | AJ63: ="" | AK63: =""
A64: 13 | B64: Phạm Văn Tráng | C64: TC | AH64: 18.5 | AI64: =0 -> 0 | AJ64: =SUM(D64:AH64)/8 -> 2.3125 | AK64: =AI64+AJ64 -> 2.3125
C65: C1 | D65: x | E65: x | G65: x | H65: x | I65: x | J65: x | K65: x | L65: x | M65: x | N65: x | O65: x | P65: x | Q65: x | R65: X | S65: x | T65: x | U65: x | V65: x/13 | W65: x | X65: x | Y65: x | Z65: x | AD65: x | AE65: x | AF65: x | AG65: x | AI65: =COUNTIF(D65:AH65,"x")+COUNTIF(D65:AH65,"x-0,25")+COUNTIF(D65:AH65,"x-0,50")+COUNTIF(D65:AH65,"x-0.75")+COUNTIF(D65:AH65,"x-1")+COUNTIF(D65:AH65,"x-1,25")+COUNTIF(D65:AH65,"x-1,5")+COUNTIF(D65:AH65,"x-1,55")+COUNTIF(D65:AH65,"x-2")+COUNTIF(D65:AH65,"x/2")/2 -> 25 | AJ65: =0 -> 0 | AK65: =AI65+AJ65 -> 25
C66: C2 | AI66: =COUNTIF(D66:AH66,"x")+COUNTIF(D66:AH66,"x-0,25")+COUNTIF(D66:AH66,"x-0,50")+COUNTIF(D66:AH66,"x-0.75")+COUNTIF(D66:AH66,"x-1")+COUNTIF(D66:AH66,"x-1,25")+COUNTIF(D66:AH66,"x-1,5")+COUNTIF(D66:AH66,"x-1,55")+COUNTIF(D66:AH66,"x-2")+COUNTIF(D66:AH66,"x/2")/2 -> 0 | AJ66: =0 -> 0 | AK66: =AI66+AJ66 -> 0
C67: C3 | AI67: =COUNTIF(D67:AH67,"x")+COUNTIF(D67:AH67,"x-0,25")+COUNTIF(D67:AH67,"x-0,50")+COUNTIF(D67:AH67,"x-0.75")+COUNTIF(D67:AH67,"x-1")+COUNTIF(D67:AH67,"x-1,25")+COUNTIF(D67:AH67,"x-1,5")+COUNTIF(D67:AH67,"x-1,55")+COUNTIF(D67:AH67,"x-2")+COUNTIF(D67:AH67,"x/2")/2 -> 0 | AJ67: =0 -> 0 | AK67: =AI67+AJ67 -> 0
A68: Note: | B68: C1/C2/C3: Công theo ca; TC: Tăng ca (ĐVT: giờ) | AI68: ="" | AJ68: ="" | AK68: =""
D73: =+C73+1 -> 1 | E73: =+D73+1 -> 2 | F73: =+E73+1 -> 3 | G73: =+F73+1 -> 4 | H73: =+G73+1 -> 5 | I73: =+H73+1 -> 6 | J73: =+I73+1 -> 7 | K73: =+J73+1 -> 8 | ... AH73: =+AG73+1 -> 31
AI74: =0 -> 0 | AJ74: =SUM(D74:AH74)/8 -> 0 | AK74: =AI74+AJ74 -> 0
AI75: =0 -> 0 | AJ75: =SUM(D75:AH75)/8 -> 0 | AK75: =AI75+AJ75 -> 0
AI76: =0 -> 0 | AJ76: =SUM(D76:AH76)/8 -> 0 | AK76: =AI76+AJ76 -> 0
AI77: =0 -> 0 | AJ77: =SUM(D77:AH77)/8 -> 0 | AK77: =AI77+AJ77 -> 0
AI78: =0 -> 0 | AJ78: =SUM(D78:AH78)/8 -> 0 | AK78: =AI78+AJ78 -> 0
AI79: =0 -> 0 | AJ79: =SUM(D79:AH79)/8 -> 0 | AK79: =AI79+AJ79 -> 0
AI80: =0 -> 0 | AJ80: =SUM(D80:AH80)/8 -> 0 | AK80: =AI80+AJ80 -> 0
AI81: =0 -> 0 | AJ81: =SUM(D81:AH81)/8 -> 0 | AK81: =AI81+AJ81 -> 0
AI82: =0 -> 0 | AK82: =AI82+AJ82 -> 0
AI83: =0 -> 0 | AJ83: =0 -> 0 | AK83: =AI83+AJ83 -> 0
AI84: =0 -> 0 | AJ84: =0 -> 0 | AK84: =AI84+AJ84 -> 0
AI85: =0 -> 0 | AJ85: =0 -> 0 | AK85: =AI85+AJ85 -> 0
AI86: =0 -> 0 | AJ86: =0 -> 0 | AK86: =AI86+AJ86 -> 0
AI87: =0 -> 0 | AJ87: =0 -> 0 | AK87: =AI87+AJ87 -> 0
AI88: =0 -> 0 | AJ88: =0 -> 0 | AK88: =AI88+AJ88 -> 0
AI89: =0 -> 0 | AJ89: =0 -> 0 | AK89: =AI89+AJ89 -> 0
AI90: =0 -> 0 | AJ90: =0 -> 0 | AK90: =AI90+AJ90 -> 0
AI91: =0 -> 0 | AJ91: =0 -> 0 | AK91: =AI91+AJ91 -> 0
AI92: =0 -> 0 | AJ92: =0 -> 0 | AK92: =AI92+AJ92 -> 0
AI93: =0 -> 0 | AJ93: =0 -> 0 | AK93: =AI93+AJ93 -> 0
AI94: =0 -> 0 | AJ94: =0 -> 0 | AK94: =AI94+AJ94 -> 0
... AI125: =0 -> 0 | AJ125: =0 -> 0 | AK125: =AI125+AJ125 -> 0
AJ126: =SUM(AJ74:AJ125) -> 0 | AK126: =SUM(AK74:AK125) -> 0

Sheet T4
A1: Px GCCK | D1: BẢNG CHẤM CÔNG THÁNG - THÁNG 4/2026 | AI1: Tổng công ca | AJ1: Tổng công TC | AK1: ∑
D2: 46113
A3: STT | B3: Họ tên | D3: 46113 | E3: 46114 | F3: =+E3+1 -> 46115 | G3: =+F3+1 -> 46116 | H3: =+G3+1 -> 46117 | I3: =+H3+1 -> 46118 | J3: =+I3+1 -> 46119 | K3: =+J3+1 -> 46120 | L3: =+K3+1 -> 46121 | M3: =+L3+1 -> 46122 | ... AH3: =+AG3+1 -> 46143
A4: 1 | B4: Nguyễn Trung Đông | C4: TC | U4: 5.25 | Z4: 4 | AA4: 4 | AB4: 3 | AD4: 2 | AE4: 4 | AF4: 4 | AI4: =0 -> 0 | AJ4: =SUM(D4:AH4)/8 -> 3.28125 | AK4: =AI4+AJ4 -> 3.28125
C5: C1 | D5: x | E5: x | F5: x | G5: x | H5: x | I5: x | J5: x | K5: x | L5: x | M5: x | N5: 0 | O5: x | P5: x | Q5: x | R5: x | S5: x | T5: x | W5: x | X5: x | Y5: x | Z5: x | AA5: x | AB5: x | AD5: x | AE5: x | AF5: x | AI5: =COUNTIF(D5:AH5,"x")+COUNTIF(D5:AH5,"x-0,25")+COUNTIF(D5:AH5,"x-0,50")+COUNTIF(D5:AH5,"x-0.75")+COUNTIF(D5:AH5,"x-1")+COUNTIF(D5:AH5,"x-1,25")+COUNTIF(D5:AH5,"x-1,5")+COUNTIF(D5:AH5,"x-1,55")+COUNTIF(D5:AH5,"x-2")+COUNTIF(D5:AH5,"x/2")/2 -> 25 | AJ5: =0 -> 0 | AK5: =AI5+AJ5 -> 25
C6: C2 | AI6: =COUNTIF(D6:AH6,"x")+COUNTIF(D6:AH6,"x-0,25")+COUNTIF(D6:AH6,"x-0,50")+COUNTIF(D6:AH6,"x-0.75")+COUNTIF(D6:AH6,"x-1")+COUNTIF(D6:AH6,"x-1,25")+COUNTIF(D6:AH6,"x-1,5")+COUNTIF(D6:AH6,"x-1,55")+COUNTIF(D6:AH6,"x-2")+COUNTIF(D6:AH6,"x/2")/2 -> 0 | AJ6: =0 -> 0 | AK6: =AI6+AJ6 -> 0
C7: C3 | AI7: =COUNTIF(D7:AH7,"x")+COUNTIF(D7:AH7,"x-0,25")+COUNTIF(D7:AH7,"x-0,50")+COUNTIF(D7:AH7,"x-0.75")+COUNTIF(D7:AH7,"x-1")+COUNTIF(D7:AH7,"x-1,25")+COUNTIF(D7:AH7,"x-1,5")+COUNTIF(D7:AH7,"x-1,55")+COUNTIF(D7:AH7,"x-2")+COUNTIF(D7:AH7,"x/2")/2 -> 0 | AJ7: =0 -> 0 | AK7: =AI7+AJ7 -> 0
AI8: ="" | AJ8: ="" | AK8: =""
A9: 2 | B9: Trần Văn Dũng | C9: TC | Z9: 4 | AA9: 4 | AB9: 4 | AD9: 4 | AE9: 4 | AF9: 4 | AI9: =0 -> 0 | AJ9: =SUM(D9:AH9)/8 -> 3 | AK9: =AI9+AJ9 -> 3
C10: C1 | D10: x | E10: x | F10: x | G10: x | H10: x | I10: x | J10: x | K10: x | L10: x | M10: x | N10: x | O10: x | P10: x | Q10: x | R10: x | S10: x | T10: x | U10: x | V10: x | W10: x | X10: x | Y10: x | Z10: x | AA10: x | AB10: x | AD10: x | AE10: x | AF10: x | AI10: =COUNTIF(D10:AH10,"x")+COUNTIF(D10:AH10,"x-0,25")+COUNTIF(D10:AH10,"x-0,50")+COUNTIF(D10:AH10,"x-0.75")+COUNTIF(D10:AH10,"x-1")+COUNTIF(D10:AH10,"x-1,25")+COUNTIF(D10:AH10,"x-1,5")+COUNTIF(D10:AH10,"x-1,55")+COUNTIF(D10:AH10,"x-2")+COUNTIF(D10:AH10,"x/2")/2 -> 28 | AJ10: =0 -> 0 | AK10: =AI10+AJ10 -> 28
C11: C2 | AI11: =COUNTIF(D11:AH11,"x")+COUNTIF(D11:AH11,"x-0,25")+COUNTIF(D11:AH11,"x-0,50")+COUNTIF(D11:AH11,"x-0.75")+COUNTIF(D11:AH11,"x-1")+COUNTIF(D11:AH11,"x-1,25")+COUNTIF(D11:AH11,"x-1,5")+COUNTIF(D11:AH11,"x-1,55")+COUNTIF(D11:AH11,"x-2")+COUNTIF(D11:AH11,"x/2")/2 -> 0 | AJ11: =0 -> 0 | AK11: =AI11+AJ11 -> 0
C12: C3 | AI12: =COUNTIF(D12:AH12,"x")+COUNTIF(D12:AH12,"x-0,25")+COUNTIF(D12:AH12,"x-0,50")+COUNTIF(D12:AH12,"x-0.75")+COUNTIF(D12:AH12,"x-1")+COUNTIF(D12:AH12,"x-1,25")+COUNTIF(D12:AH12,"x-1,5")+COUNTIF(D12:AH12,"x-1,55")+COUNTIF(D12:AH12,"x-2")+COUNTIF(D12:AH12,"x/2")/2 -> 0 | AJ12: =0 -> 0 | AK12: =AI12+AJ12 -> 0
AI13: ="" | AJ13: ="" | AK13: =""
A14: 3 | B14: Hoàng Ngọc Hà | C14: TC | J14: -0.08 | Q14: 2 | S14: 3.7 | Z14: -0.75 | AF14: -1 | AI14: =0 -> 0 | AJ14: =SUM(D14:AH14)/8 -> 0.48375 | AK14: =AI14+AJ14 -> 0.48375
C15: C1 | D15: x | E15: x | F15: x | G15: x | I15: x | J15: x | K15: x | L15: x | M15: x | N15: x | O15: x | P15: x | Q15: x | R15: x | T15: x | U15: x | V15: x | W15: x | X15: x | Y15: x | Z15: x | AA15: x | AB15: x | AD15: x | AE15: x | AF15: x | AI15: =COUNTIF(D15:AH15,"x")+COUNTIF(D15:AH15,"x-0,25")+COUNTIF(D15:AH15,"x-0,50")+COUNTIF(D15:AH15,"x-0.75")+COUNTIF(D15:AH15,"x-1")+COUNTIF(D15:AH15,"x-1,25")+COUNTIF(D15:AH15,"x-1,5")+COUNTIF(D15:AH15,"x-1,55")+COUNTIF(D15:AH15,"x-2")+COUNTIF(D15:AH15,"x/2")/2 -> 26 | AJ15: =0 -> 0 | AK15: =AI15+AJ15 -> 26
C16: C2 | AI16: =COUNTIF(D16:AH16,"x")+COUNTIF(D16:AH16,"x-0,25")+COUNTIF(D16:AH16,"x-0,50")+COUNTIF(D16:AH16,"x-0.75")+COUNTIF(D16:AH16,"x-1")+COUNTIF(D16:AH16,"x-1,25")+COUNTIF(D16:AH16,"x-1,5")+COUNTIF(D16:AH16,"x-1,55")+COUNTIF(D16:AH16,"x-2")+COUNTIF(D16:AH16,"x/2")/2 -> 0 | AJ16: =0 -> 0 | AK16: =AI16+AJ16 -> 0
C17: C3 | AI17: =COUNTIF(D17:AH17,"x")+COUNTIF(D17:AH17,"x-0,25")+COUNTIF(D17:AH17,"x-0,50")+COUNTIF(D17:AH17,"x-0.75")+COUNTIF(D17:AH17,"x-1")+COUNTIF(D17:AH17,"x-1,25")+COUNTIF(D17:AH17,"x-1,5")+COUNTIF(D17:AH17,"x-1,55")+COUNTIF(D17:AH17,"x-2")+COUNTIF(D17:AH17,"x/2")/2 -> 0 | AJ17: =0 -> 0 | AK17: =AI17+AJ17 -> 0
AI18: ="" | AJ18: ="" | AK18: =AI18+AJ18 -> #VALUE!
A19: 4 | B19: Phùng Đình Hùng | C19: TC | AD19: 4 | AE19: 4 | AF19: 4 | AI19: =0 -> 0 | AJ19: =SUM(D19:AH19)/8 -> 1.5 | AK19: =AI19+AJ19 -> 1.5
C20: C1 | D20: x | E20: x | F20: x | G20: x | I20: x | J20: x | K20: x | L20: x | M20: x | N20: x | P20: x | Q20: x | R20: x | S20: x | T20: x | U20: x | W20: x | X20: x | Y20: x | Z20: x | AA20: x | AB20: 0 | AD20: x | AE20: x | AF20: x | AI20: =COUNTIF(D20:AH20,"x")+COUNTIF(D20:AH20,"x-0,25")+COUNTIF(D20:AH20,"x-0,50")+COUNTIF(D20:AH20,"x-0.75")+COUNTIF(D20:AH20,"x-1")+COUNTIF(D20:AH20,"x-1,25")+COUNTIF(D20:AH20,"x-1,5")+COUNTIF(D20:AH20,"x-1,55")+COUNTIF(D20:AH20,"x-2")+COUNTIF(D20:AH20,"x/2")/2 -> 24 | AJ20: =0 -> 0 | AK20: =AI20+AJ20 -> 24
C21: C2 | AI21: =COUNTIF(D21:AH21,"x")+COUNTIF(D21:AH21,"x-0,25")+COUNTIF(D21:AH21,"x-0,50")+COUNTIF(D21:AH21,"x-0.75")+COUNTIF(D21:AH21,"x-1")+COUNTIF(D21:AH21,"x-1,25")+COUNTIF(D21:AH21,"x-1,5")+COUNTIF(D21:AH21,"x-1,55")+COUNTIF(D21:AH21,"x-2")+COUNTIF(D21:AH21,"x/2")/2 -> 0 | AJ21: =0 -> 0 | AK21: =AI21+AJ21 -> 0
C22: C3 | AI22: =COUNTIF(D22:AH22,"x")+COUNTIF(D22:AH22,"x-0,25")+COUNTIF(D22:AH22,"x-0,50")+COUNTIF(D22:AH22,"x-0.75")+COUNTIF(D22:AH22,"x-1")+COUNTIF(D22:AH22,"x-1,25")+COUNTIF(D22:AH22,"x-1,5")+COUNTIF(D22:AH22,"x-1,55")+COUNTIF(D22:AH22,"x-2")+COUNTIF(D22:AH22,"x/2")/2 -> 0 | AJ22: =0 -> 0 | AK22: =AI22+AJ22 -> 0
AI23: ="" | AJ23: ="" | AK23: =""
A24: 5 | B24: Đặng Ngọc Long | C24: TC | Z24: 4 | AA24: 4 | AB24: 4 | AD24: 4 | AE24: 4 | AF24: 4 | AI24: =0 -> 0 | AJ24: =SUM(D24:AH24)/8 -> 3 | AK24: =AI24+AJ24 -> 3
C25: C1 | D25: x | E25: x | F25: x | G25: x | I25: x | J25: x | K25: x | L25: x | M25: x | N25: x | O25: x | P25: x | Q25: x | R25: x | S25: x | T25: x | U25: x | V25: x | W25: x | X25: x | Y25: 0 | Z25: x | AA25: x | AB25: x | AD25: x | AE25: x | AF25: x | AI25: =COUNTIF(D25:AH25,"x")+COUNTIF(D25:AH25,"x-0,25")+COUNTIF(D25:AH25,"x-0,50")+COUNTIF(D25:AH25,"x-0.75")+COUNTIF(D25:AH25,"x-1")+COUNTIF(D25:AH25,"x-1,25")+COUNTIF(D25:AH25,"x-1,5")+COUNTIF(D25:AH25,"x-1,55")+COUNTIF(D25:AH25,"x-2")+COUNTIF(D25:AH25,"x/2")/2 -> 26 | AJ25: =0 -> 0 | AK25: =AI25+AJ25 -> 26
C26: C2 | AI26: =COUNTIF(D26:AH26,"x")+COUNTIF(D26:AH26,"x-0,25")+COUNTIF(D26:AH26,"x-0,50")+COUNTIF(D26:AH26,"x-0.75")+COUNTIF(D26:AH26,"x-1")+COUNTIF(D26:AH26,"x-1,25")+COUNTIF(D26:AH26,"x-1,5")+COUNTIF(D26:AH26,"x-1,55")+COUNTIF(D26:AH26,"x-2")+COUNTIF(D26:AH26,"x/2")/2 -> 0 | AJ26: =0 -> 0 | AK26: =AI26+AJ26 -> 0
C27: C3 | AI27: =COUNTIF(D27:AH27,"x")+COUNTIF(D27:AH27,"x-0,25")+COUNTIF(D27:AH27,"x-0,50")+COUNTIF(D27:AH27,"x-0.75")+COUNTIF(D27:AH27,"x-1")+COUNTIF(D27:AH27,"x-1,25")+COUNTIF(D27:AH27,"x-1,5")+COUNTIF(D27:AH27,"x-1,55")+COUNTIF(D27:AH27,"x-2")+COUNTIF(D27:AH27,"x/2")/2 -> 0 | AJ27: =0 -> 0 | AK27: =AI27+AJ27 -> 0
AI28: ="" | AJ28: ="" | AK28: =""
A29: 6 | B29: Trần Văn Nhận | C29: TC | Z29: 4 | AA29: 4 | AB29: 4 | AD29: 4 | AE29: 4 | AF29: 4 | AI29: =0 -> 0 | AJ29: =SUM(D29:AH29)/8 -> 3 | AK29: =AI29+AJ29 -> 3
C30: C1 | D30: x | E30: x | F30: x | G30: x | H30: x | I30: x | J30: x | K30: x | L30: x | M30: x | N30: x | O30: x | P30: x | Q30: x | R30: x | S30: x | T30: x | U30: x | V30: x | W30: x | X30: x | Y30: x | Z30: x | AA30: x | AB30: x | AD30: x | AE30: x | AF30: x | AI30: =COUNTIF(D30:AH30,"x")+COUNTIF(D30:AH30,"x-0,25")+COUNTIF(D30:AH30,"x-0,50")+COUNTIF(D30:AH30,"x-0.75")+COUNTIF(D30:AH30,"x-1")+COUNTIF(D30:AH30,"x-1,25")+COUNTIF(D30:AH30,"x-1,5")+COUNTIF(D30:AH30,"x-1,55")+COUNTIF(D30:AH30,"x-2")+COUNTIF(D30:AH30,"x/2")/2 -> 28 | AJ30: =0 -> 0 | AK30: =0 -> 0
C31: C2 | AI31: =COUNTIF(D31:AH31,"x")+COUNTIF(D31:AH31,"x-0,25")+COUNTIF(D31:AH31,"x-0,50")+COUNTIF(D31:AH31,"x-0.75")+COUNTIF(D31:AH31,"x-1")+COUNTIF(D31:AH31,"x-1,25")+COUNTIF(D31:AH31,"x-1,5")+COUNTIF(D31:AH31,"x-1,55")+COUNTIF(D31:AH31,"x-2")+COUNTIF(D31:AH31,"x/2")/2 -> 0 | AJ31: =0 -> 0 | AK31: =AI31+AJ31 -> 0
C32: C3 | AI32: =COUNTIF(D32:AH32,"x")+COUNTIF(D32:AH32,"x-0,25")+COUNTIF(D32:AH32,"x-0,50")+COUNTIF(D32:AH32,"x-0.75")+COUNTIF(D32:AH32,"x-1")+COUNTIF(D32:AH32,"x-1,25")+COUNTIF(D32:AH32,"x-1,5")+COUNTIF(D32:AH32,"x-1,55")+COUNTIF(D32:AH32,"x-2")+COUNTIF(D32:AH32,"x/2")/2 -> 0 | AJ32: =0 -> 0 | AK32: =AI32+AJ32 -> 0
AI33: ="" | AJ33: ="" | AK33: =""
A34: 7 | B34: Phùng Gia Phúc | C34: TC | Z34: 4 | AA34: 4 | AB34: 4 | AD34: 4 | AE34: 4 | AF34: 2 | AI34: =0 -> 0 | AJ34: =SUM(D34:AH34)/8 -> 2.75 | AK34: =AI34+AJ34 -> 2.75
C35: C1 | D35: x | E35: x | F35: x | G35: x | I35: x | J35: x | K35: x | L35: x/2 | M35: x | N35: x | O35: x | P35: x | Q35: x | R35: x | S35: x | T35: x | U35: x | V35: x | W35: x | X35: x | Y35: x | Z35: x | AA35: x | AB35: x | AC35: x | AD35: x | AE35: x | AF35: x | AI35: =COUNTIF(D35:AH35,"x")+COUNTIF(D35:AH35,"x-0,25")+COUNTIF(D35:AH35,"x-0,50")+COUNTIF(D35:AH35,"x-0.75")+COUNTIF(D35:AH35,"x-1")+COUNTIF(D35:AH35,"x-1,25")+COUNTIF(D35:AH35,"x-1,5")+COUNTIF(D35:AH35,"x-1,55")+COUNTIF(D35:AH35,"x-2")+COUNTIF(D35:AH35,"x/2")/2 -> 27.5 | AJ35: =0 -> 0 | AK35: =AI35+AJ35 -> 27.5
C36: C2 | AI36: =COUNTIF(D36:AH36,"x")+COUNTIF(D36:AH36,"x-0,25")+COUNTIF(D36:AH36,"x-0,50")+COUNTIF(D36:AH36,"x-0.75")+COUNTIF(D36:AH36,"x-1")+COUNTIF(D36:AH36,"x-1,25")+COUNTIF(D36:AH36,"x-1,5")+COUNTIF(D36:AH36,"x-1,55")+COUNTIF(D36:AH36,"x-2")+COUNTIF(D36:AH36,"x/2")/2 -> 0 | AJ36: =0 -> 0 | AK36: =AI36+AJ36 -> 0
C37: C3 | AI37: =COUNTIF(D37:AH37,"x")+COUNTIF(D37:AH37,"x-0,25")+COUNTIF(D37:AH37,"x-0,50")+COUNTIF(D37:AH37,"x-0.75")+COUNTIF(D37:AH37,"x-1")+COUNTIF(D37:AH37,"x-1,25")+COUNTIF(D37:AH37,"x-1,5")+COUNTIF(D37:AH37,"x-1,55")+COUNTIF(D37:AH37,"x-2")+COUNTIF(D37:AH37,"x/2")/2 -> 0 | AJ37: =0 -> 0 | AK37: =AI37+AJ37 -> 0
AI38: ="" | AJ38: ="" | AK38: =""
A39: 8 | B39: Trần Văn Quỳnh | C39: TC | T39: 2 | Z39: 4 | AA39: 4 | AB39: 4 | AD39: 4 | AE39: 4 | AF39: 4 | AI39: =0 -> 0 | AJ39: =SUM(D39:AH39)/8 -> 3.25 | AK39: =AI39+AJ39 -> 3.25
C40: C1 | D40: x | E40: x | F40: x | G40: x | I40: x | J40: x | K40: x | L40: x | M40: x | N40: x | O40: x | P40: x | Q40: x | R40: x | S40: x | T40: x | U40: x | V40: x | W40: x | X40: x | Y40: x | Z40: x | AA40: x | AB40: x | AD40: x | AE40: x | AF40: x | AI40: =COUNTIF(D40:AH40,"x")+COUNTIF(D40:AH40,"x-0,25")+COUNTIF(D40:AH40,"x-0,50")+COUNTIF(D40:AH40,"x-0.75")+COUNTIF(D40:AH40,"x-1")+COUNTIF(D40:AH40,"x-1,25")+COUNTIF(D40:AH40,"x-1,5")+COUNTIF(D40:AH40,"x-1,55")+COUNTIF(D40:AH40,"x-2")+COUNTIF(D40:AH40,"x/2")/2 -> 27 | AJ40: =0 -> 0 | AK40: =AI40+AJ40 -> 27
C41: C2 | AI41: =COUNTIF(D41:AH41,"x")+COUNTIF(D41:AH41,"x-0,25")+COUNTIF(D41:AH41,"x-0,50")+COUNTIF(D41:AH41,"x-0.75")+COUNTIF(D41:AH41,"x-1")+COUNTIF(D41:AH41,"x-1,25")+COUNTIF(D41:AH41,"x-1,5")+COUNTIF(D41:AH41,"x-1,55")+COUNTIF(D41:AH41,"x-2")+COUNTIF(D41:AH41,"x/2")/2 -> 0 | AJ41: =0 -> 0 | AK41: =AI41+AJ41 -> 0
C42: C3 | AI42: =COUNTIF(D42:AH42,"x")+COUNTIF(D42:AH42,"x-0,25")+COUNTIF(D42:AH42,"x-0,50")+COUNTIF(D42:AH42,"x-0.75")+COUNTIF(D42:AH42,"x-1")+COUNTIF(D42:AH42,"x-1,25")+COUNTIF(D42:AH42,"x-1,5")+COUNTIF(D42:AH42,"x-1,55")+COUNTIF(D42:AH42,"x-2")+COUNTIF(D42:AH42,"x/2")/2 -> 0 | AJ42: =0 -> 0 | AK42: =AI42+AJ42 -> 0
AI43: ="" | AJ43: ="" | AK43: =""
A44: 9 | B44: Phạm Ngọc Sam | C44: TC | Z44: 4 | AA44: 4 | AB44: 4 | AD44: 4 | AE44: 4 | AF44: 4 | AI44: =0 -> 0 | AJ44: =SUM(D44:AH44)/8 -> 3 | AK44: =AI44+AJ44 -> 3
C45: C1 | D45: x | E45: x | F45: x | G45: x | H45: x | I45: x | J45: x | K45: x | L45: x | M45: x | N45: x | O45: x | P45: x | Q45: x | R45: x | S45: x | T45: x | U45: x | V45: x | W45: x | X45: x | Y45: x | Z45: x | AA45: x | AB45: x | AC45: x | AD45: x | AE45: x | AF45: x | AI45: =COUNTIF(D45:AH45,"x")+COUNTIF(D45:AH45,"x-0,25")+COUNTIF(D45:AH45,"x-0,50")+COUNTIF(D45:AH45,"x-0.75")+COUNTIF(D45:AH45,"x-1")+COUNTIF(D45:AH45,"x-1,25")+COUNTIF(D45:AH45,"x-1,5")+COUNTIF(D45:AH45,"x-1,55")+COUNTIF(D45:AH45,"x-2")+COUNTIF(D45:AH45,"x/2")/2 -> 29 | AJ45: =0 -> 0 | AK45: =AI45+AJ45 -> 29
C46: C2 | AI46: =COUNTIF(D46:AH46,"x")+COUNTIF(D46:AH46,"x-0,25")+COUNTIF(D46:AH46,"x-0,50")+COUNTIF(D46:AH46,"x-0.75")+COUNTIF(D46:AH46,"x-1")+COUNTIF(D46:AH46,"x-1,25")+COUNTIF(D46:AH46,"x-1,5")+COUNTIF(D46:AH46,"x-1,55")+COUNTIF(D46:AH46,"x-2")+COUNTIF(D46:AH46,"x/2")/2 -> 0 | AJ46: =0 -> 0 | AK46: =AI46+AJ46 -> 0
C47: C3 | AI47: =COUNTIF(D47:AH47,"x")+COUNTIF(D47:AH47,"x-0,25")+COUNTIF(D47:AH47,"x-0,50")+COUNTIF(D47:AH47,"x-0.75")+COUNTIF(D47:AH47,"x-1")+COUNTIF(D47:AH47,"x-1,25")+COUNTIF(D47:AH47,"x-1,5")+COUNTIF(D47:AH47,"x-1,55")+COUNTIF(D47:AH47,"x-2")+COUNTIF(D47:AH47,"x/2")/2 -> 0 | AJ47: =0 -> 0 | AK47: =AI47+AJ47 -> 0
AI48: ="" | AJ48: ="" | AK48: =""
A49: 10 | B49: Phùng Công Thắng | C49: TC | Z49: 4 | AA49: 4 | AB49: 4 | AD49: 4 | AE49: 4 | AF49: 4 | AI49: =0 -> 0 | AJ49: =SUM(D49:AH49)/8 -> 3 | AK49: =AI49+AJ49 -> 3
C50: C1 | D50: x | E50: x | F50: x | G50: x | H50: x | I50: x | J50: x | K50: x | L50: x | M50: x | N50: x | P50: x | Q50: x | R50: x | S50: x | T50: x | U50: x | V50: x | W50: x | X50: x | Y50: x | Z50: x | AA50: x | AB50: x | AD50: x | AE50: x | AF50: x | AI50: =COUNTIF(D50:AH50,"x")+COUNTIF(D50:AH50,"x-0,25")+COUNTIF(D50:AH50,"x-0,50")+COUNTIF(D50:AH50,"x-0.75")+COUNTIF(D50:AH50,"x-1")+COUNTIF(D50:AH50,"x-1,25")+COUNTIF(D50:AH50,"x-1,5")+COUNTIF(D50:AH50,"x-1,55")+COUNTIF(D50:AH50,"x-2")+COUNTIF(D50:AH50,"x/2")/2 -> 27 | AJ50: =0 -> 0 | AK50: =AI50+AJ50 -> 27
C51: C2 | AI51: =COUNTIF(D51:AH51,"x")+COUNTIF(D51:AH51,"x-0,25")+COUNTIF(D51:AH51,"x-0,50")+COUNTIF(D51:AH51,"x-0.75")+COUNTIF(D51:AH51,"x-1")+COUNTIF(D51:AH51,"x-1,25")+COUNTIF(D51:AH51,"x-1,5")+COUNTIF(D51:AH51,"x-1,55")+COUNTIF(D51:AH51,"x-2")+COUNTIF(D51:AH51,"x/2")/2 -> 0 | AJ51: =0 -> 0 | AK51: =AI51+AJ51 -> 0
C52: C3 | AI52: =COUNTIF(D52:AH52,"x")+COUNTIF(D52:AH52,"x-0,25")+COUNTIF(D52:AH52,"x-0,50")+COUNTIF(D52:AH52,"x-0.75")+COUNTIF(D52:AH52,"x-1")+COUNTIF(D52:AH52,"x-1,25")+COUNTIF(D52:AH52,"x-1,5")+COUNTIF(D52:AH52,"x-1,55")+COUNTIF(D52:AH52,"x-2")+COUNTIF(D52:AH52,"x/2")/2 -> 0 | AJ52: =0 -> 0 | AK52: =AI52+AJ52 -> 0
AI53: ="" | AJ53: ="" | AK53: =""
A54: 11 | B54: Nguyễn Văn Thanh | C54: TC | Z54: 4 | AA54: 4 | AB54: 4 | AD54: 4 | AE54: 4 | AF54: 4 | AI54: =0 -> 0 | AJ54: =SUM(D54:AH54)/8 -> 3 | AK54: =AI54+AJ54 -> 3
C55: C1 | D55: x | E55: x | F55: x | G55: x | H55: x | I55: x | J55: x | K55: x | L55: x | M55: x | N55: x | O55: x | P55: x | Q55: x | R55: x | S55: x | T55: x | U55: x | W55: x | X55: x | Y55: x | Z55: x | AA55: x | AB55: x | AD55: x | AE55: x | AF55: x | AI55: =COUNTIF(D55:AH55,"x")+COUNTIF(D55:AH55,"x-0,25")+COUNTIF(D55:AH55,"x-0,50")+COUNTIF(D55:AH55,"x-0.75")+COUNTIF(D55:AH55,"x-1")+COUNTIF(D55:AH55,"x-1,25")+COUNTIF(D55:AH55,"x-1,5")+COUNTIF(D55:AH55,"x-1,55")+COUNTIF(D55:AH55,"x-2")+COUNTIF(D55:AH55,"x/2")/2 -> 27 | AJ55: =0 -> 0 | AK55: =AI55+AJ55 -> 27
C56: C2 | AI56: =COUNTIF(D56:AH56,"x")+COUNTIF(D56:AH56,"x-0,25")+COUNTIF(D56:AH56,"x-0,50")+COUNTIF(D56:AH56,"x-0.75")+COUNTIF(D56:AH56,"x-1")+COUNTIF(D56:AH56,"x-1,25")+COUNTIF(D56:AH56,"x-1,5")+COUNTIF(D56:AH56,"x-1,55")+COUNTIF(D56:AH56,"x-2")+COUNTIF(D56:AH56,"x/2")/2 -> 0 | AJ56: =0 -> 0 | AK56: =AI56+AJ56 -> 0
C57: C3 | AI57: =COUNTIF(D57:AH57,"x")+COUNTIF(D57:AH57,"x-0,25")+COUNTIF(D57:AH57,"x-0,50")+COUNTIF(D57:AH57,"x-0.75")+COUNTIF(D57:AH57,"x-1")+COUNTIF(D57:AH57,"x-1,25")+COUNTIF(D57:AH57,"x-1,5")+COUNTIF(D57:AH57,"x-1,55")+COUNTIF(D57:AH57,"x-2")+COUNTIF(D57:AH57,"x/2")/2 -> 0 | AJ57: =0 -> 0 | AK57: =AI57+AJ57 -> 0
AI58: ="" | AJ58: ="" | AK58: =""
A59: 12 | B59: Vũ Tiến Thuận | C59: TC | Z59: 4 | AA59: 4 | AD59: 4 | AE59: 4 | AI59: =0 -> 0 | AJ59: =SUM(D59:AH59)/8 -> 2 | AK59: =AI59+AJ59 -> 2
C60: C1 | D60: x | E60: x | F60: x | G60: x/2 | I60: x | J60: x | K60: x | L60: x | M60: x | N60: x | O60: x | P60: x | Q60: x | R60: x | S60: x | T60: x | U60: x | W60: 0 | X60: x | Y60: x | Z60: x | AA60: x | AB60: x | AD60: x | AE60: x | AF60: x | AI60: =COUNTIF(D60:AH60,"x")+COUNTIF(D60:AH60,"x-0,25")+COUNTIF(D60:AH60,"x-0,50")+COUNTIF(D60:AH60,"x-0.75")+COUNTIF(D60:AH60,"x-1")+COUNTIF(D60:AH60,"x-1,25")+COUNTIF(D60:AH60,"x-1,5")+COUNTIF(D60:AH60,"x-1,55")+COUNTIF(D60:AH60,"x-2")+COUNTIF(D60:AH60,"x/2")/2 -> 24.5 | AJ60: =0 -> 0 | AK60: =AI60+AJ60 -> 24.5
C61: C2 | AI61: =COUNTIF(D61:AH61,"x")+COUNTIF(D61:AH61,"x-0,25")+COUNTIF(D61:AH61,"x-0,50")+COUNTIF(D61:AH61,"x-0.75")+COUNTIF(D61:AH61,"x-1")+COUNTIF(D61:AH61,"x-1,25")+COUNTIF(D61:AH61,"x-1,5")+COUNTIF(D61:AH61,"x-1,55")+COUNTIF(D61:AH61,"x-2")+COUNTIF(D61:AH61,"x/2")/2 -> 0 | AJ61: =0 -> 0 | AK61: =AI61+AJ61 -> 0
C62: C3 | AI62: =COUNTIF(D62:AH62,"x")+COUNTIF(D62:AH62,"x-0,25")+COUNTIF(D62:AH62,"x-0,50")+COUNTIF(D62:AH62,"x-0.75")+COUNTIF(D62:AH62,"x-1")+COUNTIF(D62:AH62,"x-1,25")+COUNTIF(D62:AH62,"x-1,5")+COUNTIF(D62:AH62,"x-1,55")+COUNTIF(D62:AH62,"x-2")+COUNTIF(D62:AH62,"x/2")/2 -> 0 | AJ62: =0 -> 0 | AK62: =AI62+AJ62 -> 0
AI63: ="" | AJ63: ="" | AK63: =""
A64: 13 | B64: Phạm Văn Tráng | C64: TC | Z64: 4 | AA64: 4 | AB64: 4 | AD64: 4 | AE64: 4 | AF64: 4 | AI64: =0 -> 0 | AJ64: =SUM(D64:AH64)/8 -> 3 | AK64: =AI64+AJ64 -> 3
C65: C1 | D65: x | E65: x | F65: x | G65: x | H65: x | I65: x | J65: x | K65: x | L65: x | M65: x | N65: x | P65: x | Q65: x | R65: x | S65: x | T65: x | U65: x | V65: x | W65: x | X65: x | Y65: x | Z65: x | AA65: x | AB65: x | AD65: x | AE65: x | AF65: x | AI65: =COUNTIF(D65:AH65,"x")+COUNTIF(D65:AH65,"x-0,25")+COUNTIF(D65:AH65,"x-0,50")+COUNTIF(D65:AH65,"x-0.75")+COUNTIF(D65:AH65,"x-1")+COUNTIF(D65:AH65,"x-1,25")+COUNTIF(D65:AH65,"x-1,5")+COUNTIF(D65:AH65,"x-1,55")+COUNTIF(D65:AH65,"x-2")+COUNTIF(D65:AH65,"x/2")/2 -> 27 | AJ65: =0 -> 0 | AK65: =AI65+AJ65 -> 27
C66: C2 | AI66: =COUNTIF(D66:AH66,"x")+COUNTIF(D66:AH66,"x-0,25")+COUNTIF(D66:AH66,"x-0,50")+COUNTIF(D66:AH66,"x-0.75")+COUNTIF(D66:AH66,"x-1")+COUNTIF(D66:AH66,"x-1,25")+COUNTIF(D66:AH66,"x-1,5")+COUNTIF(D66:AH66,"x-1,55")+COUNTIF(D66:AH66,"x-2")+COUNTIF(D66:AH66,"x/2")/2 -> 0 | AJ66: =0 -> 0 | AK66: =AI66+AJ66 -> 0
C67: C3 | AI67: =COUNTIF(D67:AH67,"x")+COUNTIF(D67:AH67,"x-0,25")+COUNTIF(D67:AH67,"x-0,50")+COUNTIF(D67:AH67,"x-0.75")+COUNTIF(D67:AH67,"x-1")+COUNTIF(D67:AH67,"x-1,25")+COUNTIF(D67:AH67,"x-1,5")+COUNTIF(D67:AH67,"x-1,55")+COUNTIF(D67:AH67,"x-2")+COUNTIF(D67:AH67,"x/2")/2 -> 0 | AJ67: =0 -> 0 | AK67: =AI67+AJ67 -> 0
A68: Note: | B68: C1/C2/C3: Công theo ca; TC: Tăng ca (ĐVT: giờ) | AI68: ="" | AJ68: ="" | AK68: =""
D73: =+C73+1 -> 1 | E73: =+D73+1 -> 2 | F73: =+E73+1 -> 3 | G73: =+F73+1 -> 4 | H73: =+G73+1 -> 5 | I73: =+H73+1 -> 6 | J73: =+I73+1 -> 7 | K73: =+J73+1 -> 8 | ... AH73: =+AG73+1 -> 31
AI74: =0 -> 0 | AJ74: =SUM(D74:AH74)/8 -> 0 | AK74: =AI74+AJ74 -> 0
AI75: =0 -> 0 | AJ75: =SUM(D75:AH75)/8 -> 0 | AK75: =AI75+AJ75 -> 0
AI76: =0 -> 0 | AJ76: =SUM(D76:AH76)/8 -> 0 | AK76: =AI76+AJ76 -> 0
AI77: =0 -> 0 | AJ77: =SUM(D77:AH77)/8 -> 0 | AK77: =AI77+AJ77 -> 0
AI78: =0 -> 0 | AJ78: =SUM(D78:AH78)/8 -> 0 | AK78: =AI78+AJ78 -> 0
AI79: =0 -> 0 | AJ79: =SUM(D79:AH79)/8 -> 0 | AK79: =AI79+AJ79 -> 0
AI80: =0 -> 0 | AJ80: =SUM(D80:AH80)/8 -> 0 | AK80: =AI80+AJ80 -> 0
AI81: =0 -> 0 | AJ81: =SUM(D81:AH81)/8 -> 0 | AK81: =AI81+AJ81 -> 0
AI82: =0 -> 0 | AK82: =AI82+AJ82 -> 0
AI83: =0 -> 0 | AJ83: =0 -> 0 | AK83: =AI83+AJ83 -> 0
AI84: =0 -> 0 | AJ84: =0 -> 0 | AK84: =AI84+AJ84 -> 0
AI85: =0 -> 0 | AJ85: =0 -> 0 | AK85: =AI85+AJ85 -> 0
AI86: =0 -> 0 | AJ86: =0 -> 0 | AK86: =AI86+AJ86 -> 0
AI87: =0 -> 0 | AJ87: =0 -> 0 | AK87: =AI87+AJ87 -> 0
AI88: =0 -> 0 | AJ88: =0 -> 0 | AK88: =AI88+AJ88 -> 0
AI89: =0 -> 0 | AJ89: =0 -> 0 | AK89: =AI89+AJ89 -> 0
AI90: =0 -> 0 | AJ90: =0 -> 0 | AK90: =AI90+AJ90 -> 0
AI91: =0 -> 0 | AJ91: =0 -> 0 | AK91: =AI91+AJ91 -> 0
AI92: =0 -> 0 | AJ92: =0 -> 0 | AK92: =AI92+AJ92 -> 0
AI93: =0 -> 0 | AJ93: =0 -> 0 | AK93: =AI93+AJ93 -> 0
AI94: =0 -> 0 | AJ94: =0 -> 0 | AK94: =AI94+AJ94 -> 0
... AI125: =0 -> 0 | AJ125: =0 -> 0 | AK125: =AI125+AJ125 -> 0
AJ126: =SUM(AJ74:AJ125) -> 0 | AK126: =SUM(AK74:AK125) -> 0

Sheet T5
A1: Px GCCK | D1: BẢNG CHẤM CÔNG THÁNG - THÁNG 5/2026 | AI1: Tổng công ca | AJ1: Tổng công TC | AK1: ∑
D2: 46143
A3: STT | B3: Họ tên | D3: 46143 | E3: 46144 | F3: =+E3+1 -> 46145 | G3: =+F3+1 -> 46146 | H3: =+G3+1 -> 46147 | I3: =+H3+1 -> 46148 | J3: =+I3+1 -> 46149 | K3: =+J3+1 -> 46150 | L3: =+K3+1 -> 46151 | M3: =+L3+1 -> 46152 | ... AH3: =+AG3+1 -> 46173
A4: 1 | B4: Nguyễn Trung Đông | C4: TC | AI4: =0 -> 0 | AJ4: =SUM(D4:AH4)/8 -> 0 | AK4: =AI4+AJ4 -> 0
C5: C1 | N5: x | P5: x | Q5: x | R5: x | S5: x | AI5: =COUNTIF(D5:AH5,"x")+COUNTIF(D5:AH5,"x-0,25")+COUNTIF(D5:AH5,"x-0,50")+COUNTIF(D5:AH5,"x-0.75")+COUNTIF(D5:AH5,"x-1")+COUNTIF(D5:AH5,"x-1,25")+COUNTIF(D5:AH5,"x-1,5")+COUNTIF(D5:AH5,"x-1,55")+COUNTIF(D5:AH5,"x-2")+COUNTIF(D5:AH5,"x/2")/2 -> 5 | AJ5: =0 -> 0 | AK5: =AI5+AJ5 -> 5
C6: C2 | F6: x | G6: 0 | H6: x | I6: x | J6: x | K6: x | L6: 0 | O6: x | AB6: x | AC6: x | AD6: x | AE6: x | AF6: x | AG6: x | AH6: x | AI6: =COUNTIF(D6:AH6,"x")+COUNTIF(D6:AH6,"x-0,25")+COUNTIF(D6:AH6,"x-0,50")+COUNTIF(D6:AH6,"x-0.75")+COUNTIF(D6:AH6,"x-1")+COUNTIF(D6:AH6,"x-1,25")+COUNTIF(D6:AH6,"x-1,5")+COUNTIF(D6:AH6,"x-1,55")+COUNTIF(D6:AH6,"x-2")+COUNTIF(D6:AH6,"x/2")/2 -> 13 | AJ6: =0 -> 0 | AK6: =AI6+AJ6 -> 13
C7: C3 | E7: x | T7: x | U7: x | V7: x | W7: x | X7: x | Y7: x | Z7: x | AI7: =COUNTIF(D7:AH7,"x")+COUNTIF(D7:AH7,"x-0,25")+COUNTIF(D7:AH7,"x-0,50")+COUNTIF(D7:AH7,"x-0.75")+COUNTIF(D7:AH7,"x-1")+COUNTIF(D7:AH7,"x-1,25")+COUNTIF(D7:AH7,"x-1,5")+COUNTIF(D7:AH7,"x-1,55")+COUNTIF(D7:AH7,"x-2")+COUNTIF(D7:AH7,"x/2")/2 -> 8 | AJ7: =0 -> 0 | AK7: =AI7+AJ7 -> 8
AI8: =0 -> 0 | AJ8: =SUM(D8:AH8)/8 -> 0 | AK8: =AI8+AJ8 -> 0
A9: 2 | B9: Trần Văn Dũng | C9: TC | AI9: =0 -> 0 | AJ9: =SUM(D9:AH9)/8 -> 0 | AK9: =AI9+AJ9 -> 0
C10: C1 | E10: x | T10: x | U10: x | V10: x | W10: x | X10: x | Y10: x | Z10: x | AI10: =COUNTIF(D10:AH10,"x")+COUNTIF(D10:AH10,"x-0,25")+COUNTIF(D10:AH10,"x-0,50")+COUNTIF(D10:AH10,"x-0.75")+COUNTIF(D10:AH10,"x-1")+COUNTIF(D10:AH10,"x-1,25")+COUNTIF(D10:AH10,"x-1,5")+COUNTIF(D10:AH10,"x-1,55")+COUNTIF(D10:AH10,"x-2")+COUNTIF(D10:AH10,"x/2")/2 -> 8 | AJ10: =0 -> 0 | AK10: =AI10+AJ10 -> 8
C11: C2 | N11: x | O11: x | P11: x | Q11: x | R11: x | S11: x | AH11: x | AI11: =COUNTIF(D11:AH11,"x")+COUNTIF(D11:AH11,"x-0,25")+COUNTIF(D11:AH11,"x-0,50")+COUNTIF(D11:AH11,"x-0.75")+COUNTIF(D11:AH11,"x-1")+COUNTIF(D11:AH11,"x-1,25")+COUNTIF(D11:AH11,"x-1,5")+COUNTIF(D11:AH11,"x-1,55")+COUNTIF(D11:AH11,"x-2")+COUNTIF(D11:AH11,"x/2")/2 -> 7 | AJ11: =0 -> 0 | AK11: =AI11+AJ11 -> 7
C12: C3 | F12: x | G12: x | H12: 0 | I12: x | J12: x | K12: x | L12: x | AA12: x | AB12: x | AC12: x | AD12: x | AE12: x | AF12: x | AG12: x | AI12: =COUNTIF(D12:AH12,"x")+COUNTIF(D12:AH12,"x-0,25")+COUNTIF(D12:AH12,"x-0,50")+COUNTIF(D12:AH12,"x-0.75")+COUNTIF(D12:AH12,"x-1")+COUNTIF(D12:AH12,"x-1,25")+COUNTIF(D12:AH12,"x-1,5")+COUNTIF(D12:AH12,"x-1,55")+COUNTIF(D12:AH12,"x-2")+COUNTIF(D12:AH12,"x/2")/2 -> 13 | AJ12: =0 -> 0 | AK12: =AI12+AJ12 -> 13
AI13: =0 -> 0 | AJ13: =SUM(D13:AH13)/8 -> 0 | AK13: =AI13+AJ13 -> 0
A14: 3 | B14: Hoàng Ngọc Hà | C14: TC | AI14: =0 -> 0 | AJ14: =SUM(D14:AH14)/8 -> 0 | AK14: =AI14+AJ14 -> 0
C15: C1 | G15: x | H15: x | I15: x | J15: x | K15: x | L15: x-1,25 | N15: x | O15: x | P15: x | Q15: x/2 | R15: x | S15: x | U15: x | V15: X-1 | W15: x | X15: x | Y15: x | Z15: x/2 | AB15: x | AC15: x | AD15: x | AE15: x/2 | AF15: x | AG15: x | AH15: x | AI15: =COUNTIF(D15:AH15,"x")+COUNTIF(D15:AH15,"x-0,25")+COUNTIF(D15:AH15,"x-0,50")+COUNTIF(D15:AH15,"x-0.75")+COUNTIF(D15:AH15,"x-1")+COUNTIF(D15:AH15,"x-1,25")+COUNTIF(D15:AH15,"x-1,5")+COUNTIF(D15:AH15,"x-1,55")+COUNTIF(D15:AH15,"x-2")+COUNTIF(D15:AH15,"x/2")/2 -> 23.5 | AJ15: =0 -> 0 | AK15: =AI15+AJ15 -> 23.5
C16: C2 | M16: x | T16: x/2 | AA16: x-0.75 | AI16: =COUNTIF(D16:AH16,"x")+COUNTIF(D16:AH16,"x-0,25")+COUNTIF(D16:AH16,"x-0,50")+COUNTIF(D16:AH16,"x-0.75")+COUNTIF(D16:AH16,"x-1")+COUNTIF(D16:AH16,"x-1,25")+COUNTIF(D16:AH16,"x-1,5")+COUNTIF(D16:AH16,"x-1,55")+COUNTIF(D16:AH16,"x-2")+COUNTIF(D16:AH16,"x/2")/2 -> 2.5 | AJ16: =0 -> 0 | AK16: =AI16+AJ16 -> 2.5
C17: C3 | AI17: =COUNTIF(D17:AH17,"x")+COUNTIF(D17:AH17,"x-0,25")+COUNTIF(D17:AH17,"x-0,50")+COUNTIF(D17:AH17,"x-0.75")+COUNTIF(D17:AH17,"x-1")+COUNTIF(D17:AH17,"x-1,25")+COUNTIF(D17:AH17,"x-1,5")+COUNTIF(D17:AH17,"x-1,55")+COUNTIF(D17:AH17,"x-2")+COUNTIF(D17:AH17,"x/2")/2 -> 0 | AJ17: =0 -> 0 | AK17: =AI17+AJ17 -> 0
AI18: =0 -> 0 | AJ18: =SUM(D18:AH18)/8 -> 0 | AK18: =AI18+AJ18 -> 0
A19: 4 | B19: Phùng Đình Hùng | C19: TC | AI19: =0 -> 0 | AJ19: =SUM(D19:AH19)/8 -> 0 | AK19: =AI19+AJ19 -> 0
C20: C1 | M20: x | N20: x | O20: x | P20: x | S20: x | U20: x | V20: x | W20: x | X20: x | Y20: x | Z20: x | AI20: =COUNTIF(D20:AH20,"x")+COUNTIF(D20:AH20,"x-0,25")+COUNTIF(D20:AH20,"x-0,50")+COUNTIF(D20:AH20,"x-0.75")+COUNTIF(D20:AH20,"x-1")+COUNTIF(D20:AH20,"x-1,25")+COUNTIF(D20:AH20,"x-1,5")+COUNTIF(D20:AH20,"x-1,55")+COUNTIF(D20:AH20,"x-2")+COUNTIF(D20:AH20,"x/2")/2 -> 11 | AJ20: =0 -> 0 | AK20: =AI20+AJ20 -> 11
C21: C2 | E21: x | F21: x | G21: x | H21: x | I21: x | J21: x | K21: x | L21: x | Q21: x | R21: x | AB21: x | AC21: x | AD21: x | AE21: x | AF21: x | AG21: x | AI21: =COUNTIF(D21:AH21,"x")+COUNTIF(D21:AH21,"x-0,25")+COUNTIF(D21:AH21,"x-0,50")+COUNTIF(D21:AH21,"x-0.75")+COUNTIF(D21:AH21,"x-1")+COUNTIF(D21:AH21,"x-1,25")+COUNTIF(D21:AH21,"x-1,5")+COUNTIF(D21:AH21,"x-1,55")+COUNTIF(D21:AH21,"x-2")+COUNTIF(D21:AH21,"x/2")/2 -> 16 | AJ21: =0 -> 0 | AK21: =AI21+AJ21 -> 16
C22: C3 | AI22: =COUNTIF(D22:AH22,"x")+COUNTIF(D22:AH22,"x-0,25")+COUNTIF(D22:AH22,"x-0,50")+COUNTIF(D22:AH22,"x-0.75")+COUNTIF(D22:AH22,"x-1")+COUNTIF(D22:AH22,"x-1,25")+COUNTIF(D22:AH22,"x-1,5")+COUNTIF(D22:AH22,"x-1,55")+COUNTIF(D22:AH22,"x-2")+COUNTIF(D22:AH22,"x/2")/2 -> 0 | AJ22: =0 -> 0 | AK22: =AI22+AJ22 -> 0
AI23: =0 -> 0 | AJ23: =SUM(D23:AH23)/8 -> 0 | AK23: =AI23+AJ23 -> 0
A24: 5 | B24: Đặng Ngọc Long | C24: TC | AI24: =0 -> 0 | AJ24: =SUM(D24:AH24)/8 -> 0 | AK24: =AI24+AJ24 -> 0
C25: C1 | AI25: =COUNTIF(D25:AH25,"x")+COUNTIF(D25:AH25,"x-0,25")+COUNTIF(D25:AH25,"x-0,50")+COUNTIF(D25:AH25,"x-0.75")+COUNTIF(D25:AH25,"x-1")+COUNTIF(D25:AH25,"x-1,25")+COUNTIF(D25:AH25,"x-1,5")+COUNTIF(D25:AH25,"x-1,55")+COUNTIF(D25:AH25,"x-2")+COUNTIF(D25:AH25,"x/2")/2 -> 0 | AJ25: =0 -> 0 | AK25: =AI25+AJ25 -> 0
C26: C2 | E26: x | G26: x | H26: x | I26: x | J26: x | K26: x | L26: x | M26: x | N26: x | O26: x | P26: x | Q26: x | R26: x | S26: x | T26: x | U26: x | V26: x | W26: x | X26: x | Y26: x | Z26: x | AA26: x | AB26: x | AC26: x | AD26: x | AE26: x | AF26: x | AG26: x | AH26: x | AI26: =COUNTIF(D26:AH26,"x")+COUNTIF(D26:AH26,"x-0,25")+COUNTIF(D26:AH26,"x-0,50")+COUNTIF(D26:AH26,"x-0.75")+COUNTIF(D26:AH26,"x-1")+COUNTIF(D26:AH26,"x-1,25")+COUNTIF(D26:AH26,"x-1,5")+COUNTIF(D26:AH26,"x-1,55")+COUNTIF(D26:AH26,"x-2")+COUNTIF(D26:AH26,"x/2")/2 -> 29 | AJ26: =0 -> 0 | AK26: =AI26+AJ26 -> 29
C27: C3 | AI27: =COUNTIF(D27:AH27,"x")+COUNTIF(D27:AH27,"x-0,25")+COUNTIF(D27:AH27,"x-0,50")+COUNTIF(D27:AH27,"x-0.75")+COUNTIF(D27:AH27,"x-1")+COUNTIF(D27:AH27,"x-1,25")+COUNTIF(D27:AH27,"x-1,5")+COUNTIF(D27:AH27,"x-1,55")+COUNTIF(D27:AH27,"x-2")+COUNTIF(D27:AH27,"x/2")/2 -> 0 | AJ27: =0 -> 0 | AK27: =AI27+AJ27 -> 0
AI28: =0 -> 0 | AJ28: ="" | AK28: =""
A29: 6 | B29: Trần Văn Nhận | C29: TC | AI29: =0 -> 0 | AJ29: =SUM(D29:AH29)/8 -> 0 | AK29: =AI29+AJ29 -> 0
C30: C1 | F30: x | G30: x | H30: x | I30: x | J30: x | K30: x | L30: x | AA30: x | AB30: x | AC30: x | AD30: x | AE30: x | AF30: x | AG30: x | AI30: =COUNTIF(D30:AH30,"x")+COUNTIF(D30:AH30,"x-0,25")+COUNTIF(D30:AH30,"x-0,50")+COUNTIF(D30:AH30,"x-0.75")+COUNTIF(D30:AH30,"x-1")+COUNTIF(D30:AH30,"x-1,25")+COUNTIF(D30:AH30,"x-1,5")+COUNTIF(D30:AH30,"x-1,55")+COUNTIF(D30:AH30,"x-2")+COUNTIF(D30:AH30,"x/2")/2 -> 14 | AJ30: =0 -> 0 | AK30: =AI30+AJ30 -> 14
C31: C2 | E31: x | T31: x | U31: x | V31: x | W31: x | X31: x | Y31: x | Z31: x | AI31: =COUNTIF(D31:AH31,"x")+COUNTIF(D31:AH31,"x-0,25")+COUNTIF(D31:AH31,"x-0,50")+COUNTIF(D31:AH31,"x-0.75")+COUNTIF(D31:AH31,"x-1")+COUNTIF(D31:AH31,"x-1,25")+COUNTIF(D31:AH31,"x-1,5")+COUNTIF(D31:AH31,"x-1,55")+COUNTIF(D31:AH31,"x-2")+COUNTIF(D31:AH31,"x/2")/2 -> 8 | AJ31: =0 -> 0 | AK31: =AI31+AJ31 -> 8
C32: C3 | M32: x | N32: x | O32: x | P32: x | Q32: x | R32: x | S32: x | AI32: =COUNTIF(D32:AH32,"x")+COUNTIF(D32:AH32,"x-0,25")+COUNTIF(D32:AH32,"x-0,50")+COUNTIF(D32:AH32,"x-0.75")+COUNTIF(D32:AH32,"x-1")+COUNTIF(D32:AH32,"x-1,25")+COUNTIF(D32:AH32,"x-1,5")+COUNTIF(D32:AH32,"x-1,55")+COUNTIF(D32:AH32,"x-2")+COUNTIF(D32:AH32,"x/2")/2 -> 7 | AJ32: =0 -> 0 | AK32: =AI32+AJ32 -> 7
AI33: =0 -> 0 | AJ33: ="" | AK33: =""
A34: 7 | B34: Phùng Gia Phúc | C34: TC | AI34: =0 -> 0 | AJ34: =SUM(D34:AH34)/8 -> 0 | AK34: =AI34+AJ34 -> 0
C35: C1 | F35: x | G35: x | H35: x | I35: x | J35: x | K35: x | L35: x | AA35: x | AB35: x | AC35: x | AD35: x | AE35: x | AF35: x | AG35: x | AI35: =COUNTIF(D35:AH35,"x")+COUNTIF(D35:AH35,"x-0,25")+COUNTIF(D35:AH35,"x-0,50")+COUNTIF(D35:AH35,"x-0.75")+COUNTIF(D35:AH35,"x-1")+COUNTIF(D35:AH35,"x-1,25")+COUNTIF(D35:AH35,"x-1,5")+COUNTIF(D35:AH35,"x-1,55")+COUNTIF(D35:AH35,"x-2")+COUNTIF(D35:AH35,"x/2")/2 -> 14 | AJ35: =0 -> 0 | AK35: =AI35+AJ35 -> 14
C36: C2 | E36: x | AI36: =COUNTIF(D36:AH36,"x")+COUNTIF(D36:AH36,"x-0,25")+COUNTIF(D36:AH36,"x-0,50")+COUNTIF(D36:AH36,"x-0.75")+COUNTIF(D36:AH36,"x-1")+COUNTIF(D36:AH36,"x-1,25")+COUNTIF(D36:AH36,"x-1,5")+COUNTIF(D36:AH36,"x-1,55")+COUNTIF(D36:AH36,"x-2")+COUNTIF(D36:AH36,"x/2")/2 -> 1 | AJ36: =0 -> 0 | AK36: =AI36+AJ36 -> 1
C37: C3 | M37: x | N37: x | O37: x | P37: x | Q37: x | R37: x | S37: x | U37: x | V37: x | W37: x | X37: x | Y37: x | Z37: x | AH37: x | AI37: =COUNTIF(D37:AH37,"x")+COUNTIF(D37:AH37,"x-0,25")+COUNTIF(D37:AH37,"x-0,50")+COUNTIF(D37:AH37,"x-0.75")+COUNTIF(D37:AH37,"x-1")+COUNTIF(D37:AH37,"x-1,25")+COUNTIF(D37:AH37,"x-1,5")+COUNTIF(D37:AH37,"x-1,55")+COUNTIF(D37:AH37,"x-2")+COUNTIF(D37:AH37,"x/2")/2 -> 14 | AJ37: =0 -> 0 | AK37: =AI37+AJ37 -> 14
AI38: =0 -> 0 | AJ38: ="" | AK38: =""
A39: 8 | B39: Trần Văn Quỳnh | C39: TC | AG39: 1 | AI39: =0 -> 0 | AJ39: =SUM(D39:AH39)/8 -> 0.125 | AK39: =AI39+AJ39 -> 0.125
C40: C1 | F40: x | G40: x | H40: x | I40: x | J40: x | K40: x | L40: x | N40: x | O40: x | P40: x | Q40: x | R40: x | S40: x | AA40: x | AB40: x | AC40: x | AD40: x | AE40: x | AF40: x | AG40: x | AH40: x | AI40: =COUNTIF(D40:AH40,"x")+COUNTIF(D40:AH40,"x-0,25")+COUNTIF(D40:AH40,"x-0,50")+COUNTIF(D40:AH40,"x-0.75")+COUNTIF(D40:AH40,"x-1")+COUNTIF(D40:AH40,"x-1,25")+COUNTIF(D40:AH40,"x-1,5")+COUNTIF(D40:AH40,"x-1,55")+COUNTIF(D40:AH40,"x-2")+COUNTIF(D40:AH40,"x/2")/2 -> 21 | AJ40: =0 -> 0 | AK40: =AI40+AJ40 -> 21
C41: C2 | T41: x | U41: x | V41: x | W41: x | X41: x | Y41: x | Z41: x | AI41: =COUNTIF(D41:AH41,"x")+COUNTIF(D41:AH41,"x-0,25")+COUNTIF(D41:AH41,"x-0,50")+COUNTIF(D41:AH41,"x-0.75")+COUNTIF(D41:AH41,"x-1")+COUNTIF(D41:AH41,"x-1,25")+COUNTIF(D41:AH41,"x-1,5")+COUNTIF(D41:AH41,"x-1,55")+COUNTIF(D41:AH41,"x-2")+COUNTIF(D41:AH41,"x/2")/2 -> 7 | AJ41: =0 -> 0 | AK41: =AI41+AJ41 -> 7
C42: C3 | AI42: =COUNTIF(D42:AH42,"x")+COUNTIF(D42:AH42,"x-0,25")+COUNTIF(D42:AH42,"x-0,50")+COUNTIF(D42:AH42,"x-0.75")+COUNTIF(D42:AH42,"x-1")+COUNTIF(D42:AH42,"x-1,25")+COUNTIF(D42:AH42,"x-1,5")+COUNTIF(D42:AH42,"x-1,55")+COUNTIF(D42:AH42,"x-2")+COUNTIF(D42:AH42,"x/2")/2 -> 0 | AJ42: =0 -> 0 | AK42: =AI42+AJ42 -> 0
AI43: =0 -> 0 | AJ43: ="" | AK43: =""
A44: 9 | B44: Phạm Ngọc Sam | C44: TC | AI44: =0 -> 0 | AJ44: =SUM(D44:AH44)/8 -> 0 | AK44: =AI44+AJ44 -> 0
C45: C1 | F45: x | G45: x | H45: x | I45: x | J45: x | K45: x | L45: x | Z45: x | AA45: x | AB45: x | AC45: x | AD45: x | AE45: x | AF45: x | AG45: x | AI45: =COUNTIF(D45:AH45,"x")+COUNTIF(D45:AH45,"x-0,25")+COUNTIF(D45:AH45,"x-0,50")+COUNTIF(D45:AH45,"x-0.75")+COUNTIF(D45:AH45,"x-1")+COUNTIF(D45:AH45,"x-1,25")+COUNTIF(D45:AH45,"x-1,5")+COUNTIF(D45:AH45,"x-1,55")+COUNTIF(D45:AH45,"x-2")+COUNTIF(D45:AH45,"x/2")/2 -> 15 | AJ45: =0 -> 0 | AK45: =AI45+AJ45 -> 15
C46: C2 | E46: x | U46: x | V46: x | W46: x | X46: x | Y46: x | AI46: =COUNTIF(D46:AH46,"x")+COUNTIF(D46:AH46,"x-0,25")+COUNTIF(D46:AH46,"x-0,50")+COUNTIF(D46:AH46,"x-0.75")+COUNTIF(D46:AH46,"x-1")+COUNTIF(D46:AH46,"x-1,25")+COUNTIF(D46:AH46,"x-1,5")+COUNTIF(D46:AH46,"x-1,55")+COUNTIF(D46:AH46,"x-2")+COUNTIF(D46:AH46,"x/2")/2 -> 6 | AJ46: =0 -> 0 | AK46: =AI46+AJ46 -> 6
C47: C3 | M47: x | N47: x | O47: x | P47: x | Q47: x | R47: x | S47: x | AH47: x | AI47: =COUNTIF(D47:AH47,"x")+COUNTIF(D47:AH47,"x-0,25")+COUNTIF(D47:AH47,"x-0,50")+COUNTIF(D47:AH47,"x-0.75")+COUNTIF(D47:AH47,"x-1")+COUNTIF(D47:AH47,"x-1,25")+COUNTIF(D47:AH47,"x-1,5")+COUNTIF(D47:AH47,"x-1,55")+COUNTIF(D47:AH47,"x-2")+COUNTIF(D47:AH47,"x/2")/2 -> 8 | AJ47: =0 -> 0 | AK47: =AI47+AJ47 -> 8
AI48: =0 -> 0 | AJ48: ="" | AK48: =""
A49: 10 | B49: Phùng Công Thắng | C49: TC | AI49: =0 -> 0 | AJ49: =SUM(D49:AH49)/8 -> 0 | AK49: =AI49+AJ49 -> 0
C50: C1 | M50: x | N50: x | O50: x | P50: x | Q50: x | R50: x | S50: x | AH50: x | AI50: =COUNTIF(D50:AH50,"x")+COUNTIF(D50:AH50,"x-0,25")+COUNTIF(D50:AH50,"x-0,50")+COUNTIF(D50:AH50,"x-0.75")+COUNTIF(D50:AH50,"x-1")+COUNTIF(D50:AH50,"x-1,25")+COUNTIF(D50:AH50,"x-1,5")+COUNTIF(D50:AH50,"x-1,55")+COUNTIF(D50:AH50,"x-2")+COUNTIF(D50:AH50,"x/2")/2 -> 8 | AJ50: =0 -> 0 | AK50: =AI50+AJ50 -> 8
C51: C2 | G51: x | H51: x | I51: x | J51: x | K51: x | L51: x | AB51: x | AC51: x | AD51: x | AE51: x | AF51: x | AG51: x | AI51: =COUNTIF(D51:AH51,"x")+COUNTIF(D51:AH51,"x-0,25")+COUNTIF(D51:AH51,"x-0,50")+COUNTIF(D51:AH51,"x-0.75")+COUNTIF(D51:AH51,"x-1")+COUNTIF(D51:AH51,"x-1,25")+COUNTIF(D51:AH51,"x-1,5")+COUNTIF(D51:AH51,"x-1,55")+COUNTIF(D51:AH51,"x-2")+COUNTIF(D51:AH51,"x/2")/2 -> 12 | AJ51: =0 -> 0 | AK51: =AI51+AJ51 -> 12
C52: C3 | E52: x | T52: x | U52: x | V52: x | W52: x | X52: x | Y52: x | Z52: x | AI52: =COUNTIF(D52:AH52,"x")+COUNTIF(D52:AH52,"x-0,25")+COUNTIF(D52:AH52,"x-0,50")+COUNTIF(D52:AH52,"x-0.75")+COUNTIF(D52:AH52,"x-1")+COUNTIF(D52:AH52,"x-1,25")+COUNTIF(D52:AH52,"x-1,5")+COUNTIF(D52:AH52,"x-1,55")+COUNTIF(D52:AH52,"x-2")+COUNTIF(D52:AH52,"x/2")/2 -> 8 | AJ52: =0 -> 0 | AK52: =AI52+AJ52 -> 8
AI53: =0 -> 0 | AJ53: ="" | AK53: =""
A54: 11 | B54: Nguyễn Văn Thanh | C54: TC | AI54: =0 -> 0 | AJ54: =SUM(D54:AH54)/8 -> 0 | AK54: =AI54+AJ54 -> 0
C55: C1 | E55: x | T55: x | U55: x | V55: x | W55: x | X55: x | Y55: x | Z55: x | AI55: =COUNTIF(D55:AH55,"x")+COUNTIF(D55:AH55,"x-0,25")+COUNTIF(D55:AH55,"x-0,50")+COUNTIF(D55:AH55,"x-0.75")+COUNTIF(D55:AH55,"x-1")+COUNTIF(D55:AH55,"x-1,25")+COUNTIF(D55:AH55,"x-1,5")+COUNTIF(D55:AH55,"x-1,55")+COUNTIF(D55:AH55,"x-2")+COUNTIF(D55:AH55,"x/2")/2 -> 8 | AJ55: =0 -> 0 | AK55: =AI55+AJ55 -> 8
C56: C2 | N56: x | O56: x | P56: x | Q56: x | R56: x | S56: x | AI56: =COUNTIF(D56:AH56,"x")+COUNTIF(D56:AH56,"x-0,25")+COUNTIF(D56:AH56,"x-0,50")+COUNTIF(D56:AH56,"x-0.75")+COUNTIF(D56:AH56,"x-1")+COUNTIF(D56:AH56,"x-1,25")+COUNTIF(D56:AH56,"x-1,5")+COUNTIF(D56:AH56,"x-1,55")+COUNTIF(D56:AH56,"x-2")+COUNTIF(D56:AH56,"x/2")/2 -> 6 | AJ56: =0 -> 0 | AK56: =AI56+AJ56 -> 6
C57: C3 | F57: x | G57: x | H57: x | I57: x | J57: x | K57: x | L57: x | AA57: x | AB57: x | AC57: x | AD57: x | AE57: x | AF57: x | AG57: x | AI57: =COUNTIF(D57:AH57,"x")+COUNTIF(D57:AH57,"x-0,25")+COUNTIF(D57:AH57,"x-0,50")+COUNTIF(D57:AH57,"x-0.75")+COUNTIF(D57:AH57,"x-1")+COUNTIF(D57:AH57,"x-1,25")+COUNTIF(D57:AH57,"x-1,5")+COUNTIF(D57:AH57,"x-1,55")+COUNTIF(D57:AH57,"x-2")+COUNTIF(D57:AH57,"x/2")/2 -> 14 | AJ57: =0 -> 0 | AK57: =AI57+AJ57 -> 14
AI58: =0 -> 0 | AJ58: ="" | AK58: =""
A59: 12 | B59: Vũ Tiến Thuận | C59: TC | AI59: =0 -> 0 | AJ59: =SUM(D59:AH59)/8 -> 0 | AK59: =AI59+AJ59 -> 0
C60: C1 | O60: x | T60: x | U60: x | V60: x | W60: x | X60: x | Y60: x | AI60: =COUNTIF(D60:AH60,"x")+COUNTIF(D60:AH60,"x-0,25")+COUNTIF(D60:AH60,"x-0,50")+COUNTIF(D60:AH60,"x-0.75")+COUNTIF(D60:AH60,"x-1")+COUNTIF(D60:AH60,"x-1,25")+COUNTIF(D60:AH60,"x-1,5")+COUNTIF(D60:AH60,"x-1,55")+COUNTIF(D60:AH60,"x-2")+COUNTIF(D60:AH60,"x/2")/2 -> 7 | AJ60: =0 -> 0 | AK60: =AI60+AJ60 -> 7
C61: C2 | N61: x | P61: x | Q61: 0 | R61: 0 | S61: x | Z61: x | AI61: =COUNTIF(D61:AH61,"x")+COUNTIF(D61:AH61,"x-0,25")+COUNTIF(D61:AH61,"x-0,50")+COUNTIF(D61:AH61,"x-0.75")+COUNTIF(D61:AH61,"x-1")+COUNTIF(D61:AH61,"x-1,25")+COUNTIF(D61:AH61,"x-1,5")+COUNTIF(D61:AH61,"x-1,55")+COUNTIF(D61:AH61,"x-2")+COUNTIF(D61:AH61,"x/2")/2 -> 4 | AJ61: =0 -> 0 | AK61: =AI61+AJ61 -> 4
C62: C3 | F62: x | G62: x | H62: x | I62: x-1 | J62: x | K62: 0 | L62: x | AA62: x | AB62: x | AC62: x | AD62: x | AE62: x | AF62: x | AG62: x | AI62: =COUNTIF(D62:AH62,"x")+COUNTIF(D62:AH62,"x-0,25")+COUNTIF(D62:AH62,"x-0,50")+COUNTIF(D62:AH62,"x-0.75")+COUNTIF(D62:AH62,"x-1")+COUNTIF(D62:AH62,"x-1,25")+COUNTIF(D62:AH62,"x-1,5")+COUNTIF(D62:AH62,"x-1,55")+COUNTIF(D62:AH62,"x-2")+COUNTIF(D62:AH62,"x/2")/2 -> 13 | AJ62: =0 -> 0 | AK62: =AI62+AJ62 -> 13
AI63: =0 -> 0 | AJ63: ="" | AK63: =""
A64: 13 | B64: Phạm Văn Tráng | C64: TC | AI64: =0 -> 0 | AJ64: =SUM(D64:AH64)/8 -> 0 | AK64: =AI64+AJ64 -> 0
C65: C1 | M65: x | N65: x | O65: x | P65: x | Q65: x | R65: x | S65: x | AH65: x | AI65: =COUNTIF(D65:AH65,"x")+COUNTIF(D65:AH65,"x-0,25")+COUNTIF(D65:AH65,"x-0,50")+COUNTIF(D65:AH65,"x-0.75")+COUNTIF(D65:AH65,"x-1")+COUNTIF(D65:AH65,"x-1,25")+COUNTIF(D65:AH65,"x-1,5")+COUNTIF(D65:AH65,"x-1,55")+COUNTIF(D65:AH65,"x-2")+COUNTIF(D65:AH65,"x/2")/2 -> 8 | AJ65: =0 -> 0 | AK65: =AI65+AJ65 -> 8
C66: C2 | G66: x | H66: x | I66: x | J66: x | K66: x | L66: x | AB66: x | AC66: x | AD66: x | AE66: x | AF66: x | AG66: x | AI66: =COUNTIF(D66:AH66,"x")+COUNTIF(D66:AH66,"x-0,25")+COUNTIF(D66:AH66,"x-0,50")+COUNTIF(D66:AH66,"x-0.75")+COUNTIF(D66:AH66,"x-1")+COUNTIF(D66:AH66,"x-1,25")+COUNTIF(D66:AH66,"x-1,5")+COUNTIF(D66:AH66,"x-1,55")+COUNTIF(D66:AH66,"x-2")+COUNTIF(D66:AH66,"x/2")/2 -> 12 | AJ66: =0 -> 0 | AK66: =AI66+AJ66 -> 12
C67: C3 | E67: x | T67: x | U67: x | V67: x | W67: x | X67: x | Y67: x | Z67: x | AI67: =COUNTIF(D67:AH67,"x")+COUNTIF(D67:AH67,"x-0,25")+COUNTIF(D67:AH67,"x-0,50")+COUNTIF(D67:AH67,"x-0.75")+COUNTIF(D67:AH67,"x-1")+COUNTIF(D67:AH67,"x-1,25")+COUNTIF(D67:AH67,"x-1,5")+COUNTIF(D67:AH67,"x-1,55")+COUNTIF(D67:AH67,"x-2")+COUNTIF(D67:AH67,"x/2")/2 -> 8 | AJ67: =0 -> 0 | AK67: =AI67+AJ67 -> 8
A68: Note: | B68: C1/C2/C3: Công theo ca; TC: Tăng ca (ĐVT: giờ) | AI68: ="" | AJ68: ="" | AK68: =""
D73: =+C73+1 -> 1 | E73: =+D73+1 -> 2 | F73: =+E73+1 -> 3 | G73: =+F73+1 -> 4 | H73: =+G73+1 -> 5 | I73: =+H73+1 -> 6 | J73: =+I73+1 -> 7 | K73: =+J73+1 -> 8 | ... AH73: =+AG73+1 -> 31
AI74: =0 -> 0 | AJ74: =SUM(D74:AH74)/8 -> 0 | AK74: =AI74+AJ74 -> 0
AI75: =0 -> 0 | AJ75: =SUM(D75:AH75)/8 -> 0 | AK75: =AI75+AJ75 -> 0
AI76: =0 -> 0 | AJ76: =SUM(D76:AH76)/8 -> 0 | AK76: =AI76+AJ76 -> 0
AI77: =0 -> 0 | AJ77: =SUM(D77:AH77)/8 -> 0 | AK77: =AI77+AJ77 -> 0
AI78: =0 -> 0 | AJ78: =SUM(D78:AH78)/8 -> 0 | AK78: =AI78+AJ78 -> 0
AI79: =0 -> 0 | AJ79: =SUM(D79:AH79)/8 -> 0 | AK79: =AI79+AJ79 -> 0
AI80: =0 -> 0 | AJ80: =SUM(D80:AH80)/8 -> 0 | AK80: =AI80+AJ80 -> 0
AI81: =0 -> 0 | AJ81: =SUM(D81:AH81)/8 -> 0 | AK81: =AI81+AJ81 -> 0
AI82: =0 -> 0 | AK82: =AI82+AJ82 -> 0
AI83: =0 -> 0 | AJ83: =0 -> 0 | AK83: =AI83+AJ83 -> 0
AI84: =0 -> 0 | AJ84: =0 -> 0 | AK84: =AI84+AJ84 -> 0
AI85: =0 -> 0 | AJ85: =0 -> 0 | AK85: =AI85+AJ85 -> 0
AI86: =0 -> 0 | AJ86: =0 -> 0 | AK86: =AI86+AJ86 -> 0
AI87: =0 -> 0 | AJ87: =0 -> 0 | AK87: =AI87+AJ87 -> 0
AI88: =0 -> 0 | AJ88: =0 -> 0 | AK88: =AI88+AJ88 -> 0
AI89: =0 -> 0 | AJ89: =0 -> 0 | AK89: =AI89+AJ89 -> 0
AI90: =0 -> 0 | AJ90: =0 -> 0 | AK90: =AI90+AJ90 -> 0
AI91: =0 -> 0 | AJ91: =0 -> 0 | AK91: =AI91+AJ91 -> 0
AI92: =0 -> 0 | AJ92: =0 -> 0 | AK92: =AI92+AJ92 -> 0
AI93: =0 -> 0 | AJ93: =0 -> 0 | AK93: =AI93+AJ93 -> 0
AI94: =0 -> 0 | AJ94: =0 -> 0 | AK94: =AI94+AJ94 -> 0
... AI125: =0 -> 0 | AJ125: =0 -> 0 | AK125: =AI125+AJ125 -> 0
AJ126: =SUM(AJ74:AJ125) -> 0 | AK126: =SUM(AK74:AK125) -> 0

Sheet T6
A1: Px GCCK | D1: BẢNG CHẤM CÔNG THÁNG - THÁNG 6/2026 | AI1: Tổng công ca | AJ1: Tổng công TC | AK1: ∑
D2: 46174
A3: STT | B3: Họ tên | D3: 46174 | E3: 46175 | F3: =+E3+1 -> 46176 | G3: =+F3+1 -> 46177 | H3: =+G3+1 -> 46178 | I3: =+H3+1 -> 46179 | J3: =+I3+1 -> 46180 | K3: =+J3+1 -> 46181 | L3: =+K3+1 -> 46182 | M3: =+L3+1 -> 46183 | ... AH3: =+AG3+1 -> 46204
A4: 1 | B4: Nguyễn Trung Đông | C4: TC | Y4: 4 | Z4: 4 | AA4: 3 | AB4: 4 | AC4: 4 | AD4: 3.25 | AF4: 2 | AI4: =0 -> 0 | AJ4: =SUM(D4:AH4)/8 -> 3.03125 | AK4: =AI4+AJ4 -> 3.03125
C5: C1 | D5: 0 | G5: x | H5: x | I5: x | X5: x | Y5: x | Z5: x | AA5: x | AB5: x | AC5: x | AD5: x | AI5: =COUNTIF(D5:AH5,"x")+COUNTIF(D5:AH5,"x-0,25")+COUNTIF(D5:AH5,"x-0,50")+COUNTIF(D5:AH5,"x-0.75")+COUNTIF(D5:AH5,"x-1")+COUNTIF(D5:AH5,"x-1,25")+COUNTIF(D5:AH5,"x-1,5")+COUNTIF(D5:AH5,"x-1,55")+COUNTIF(D5:AH5,"x-2")+COUNTIF(D5:AH5,"x/2")/2 -> 10 | AJ5: =0 -> 0 | AK5: =AI5+AJ5 -> 10
C6: C2 | E6: x | F6: x | S6: x | T6: x | U6: x | V6: x | W6: x | AI6: =COUNTIF(D6:AH6,"x")+COUNTIF(D6:AH6,"x-0,25")+COUNTIF(D6:AH6,"x-0,50")+COUNTIF(D6:AH6,"x-0.75")+COUNTIF(D6:AH6,"x-1")+COUNTIF(D6:AH6,"x-1,25")+COUNTIF(D6:AH6,"x-1,5")+COUNTIF(D6:AH6,"x-1,55")+COUNTIF(D6:AH6,"x-2")+COUNTIF(D6:AH6,"x/2")/2 -> 7 | AJ6: =0 -> 0 | AK6: =AI6+AJ6 -> 7
C7: C3 | J7: x | K7: x | L7: x | M7: x | N7: x | O7: x | P7: x/2 | AF7: x | AG7: x | AI7: =COUNTIF(D7:AH7,"x")+COUNTIF(D7:AH7,"x-0,25")+COUNTIF(D7:AH7,"x-0,50")+COUNTIF(D7:AH7,"x-0.75")+COUNTIF(D7:AH7,"x-1")+COUNTIF(D7:AH7,"x-1,25")+COUNTIF(D7:AH7,"x-1,5")+COUNTIF(D7:AH7,"x-1,55")+COUNTIF(D7:AH7,"x-2")+COUNTIF(D7:AH7,"x/2")/2 -> 8.5 | AJ7: =0 -> 0 | AK7: =AI7+AJ7 -> 8.5
AI8: ="" | AJ8: ="" | AK8: =""
A9: 2 | B9: Trần Văn Dũng | C9: TC | T9: 4 | U9: 4 | Y9: 4 | Z9: 4 | AA9: 3 | AB9: 4 | AC9: 4 | AD9: 4 | AF9: 2 | AG9: 2 | AI9: =0 -> 0 | AJ9: =SUM(D9:AH9)/8 -> 4.375 | AK9: =AI9+AJ9 -> 4.375
C10: C1 | J10: x | K10: x | L10: x | M10: x | N10: x | O10: x | P10: x | Y10: x | Z10: x | AA10: x | AB10: x | AC10: x | AD10: x | AE10: x | AF10: x | AG10: x | AI10: =COUNTIF(D10:AH10,"x")+COUNTIF(D10:AH10,"x-0,25")+COUNTIF(D10:AH10,"x-0,50")+COUNTIF(D10:AH10,"x-0.75")+COUNTIF(D10:AH10,"x-1")+COUNTIF(D10:AH10,"x-1,25")+COUNTIF(D10:AH10,"x-1,5")+COUNTIF(D10:AH10,"x-1,55")+COUNTIF(D10:AH10,"x-2")+COUNTIF(D10:AH10,"x/2")/2 -> 16 | AJ10: =0 -> 0 | AK10: =AI10+AJ10 -> 16
C11: C2 | D11: x | E11: x | F11: x | G11: x | H11: x | I11: x | AI11: =COUNTIF(D11:AH11,"x")+COUNTIF(D11:AH11,"x-0,25")+COUNTIF(D11:AH11,"x-0,50")+COUNTIF(D11:AH11,"x-0.75")+COUNTIF(D11:AH11,"x-1")+COUNTIF(D11:AH11,"x-1,25")+COUNTIF(D11:AH11,"x-1,5")+COUNTIF(D11:AH11,"x-1,55")+COUNTIF(D11:AH11,"x-2")+COUNTIF(D11:AH11,"x/2")/2 -> 6 | AJ11: =0 -> 0 | AK11: =AI11+AJ11 -> 6
C12: C3 | S12: x | T12: x | U12: x | V12: x | W12: x | AI12: =COUNTIF(D12:AH12,"x")+COUNTIF(D12:AH12,"x-0,25")+COUNTIF(D12:AH12,"x-0,50")+COUNTIF(D12:AH12,"x-0.75")+COUNTIF(D12:AH12,"x-1")+COUNTIF(D12:AH12,"x-1,25")+COUNTIF(D12:AH12,"x-1,5")+COUNTIF(D12:AH12,"x-1,55")+COUNTIF(D12:AH12,"x-2")+COUNTIF(D12:AH12,"x/2")/2 -> 5 | AJ12: =0 -> 0 | AK12: =AI12+AJ12 -> 5
AI13: ="" | AJ13: ="" | AK13: =""
A14: 3 | B14: Hoàng Ngọc Hà | C14: TC | U14: 2 | AB14: 0.75 | AC14: 1 | AI14: =0 -> 0 | AJ14: =SUM(D14:AH14)/8 -> 0.46875 | AK14: =AI14+AJ14 -> 0.46875
C15: C1 | D15: x | E15: x | F15: x | G15: x | H15: x | I15: x | K15: x | L15: x | M15: x | N15: x | O15: x | P15: x | S15: x | T15: x-2 | U15: x-1,55 | V15: x | W15: x | X15: x/2 | Y15: x-0,50 | Z15: x | AA15: x | AB15: x | AC15: x | AD15: x | AF15: x | AG15: x | AI15: =COUNTIF(D15:AH15,"x")+COUNTIF(D15:AH15,"x-0,25")+COUNTIF(D15:AH15,"x-0,50")+COUNTIF(D15:AH15,"x-0.75")+COUNTIF(D15:AH15,"x-1")+COUNTIF(D15:AH15,"x-1,25")+COUNTIF(D15:AH15,"x-1,5")+COUNTIF(D15:AH15,"x-1,55")+COUNTIF(D15:AH15,"x-2")+COUNTIF(D15:AH15,"x/2")/2 -> 25.5 | AJ15: =0 -> 0 | AK15: =AI15+AJ15 -> 25.5
C16: C2 | AI16: =COUNTIF(D16:AH16,"x")+COUNTIF(D16:AH16,"x-0,25")+COUNTIF(D16:AH16,"x-0,50")+COUNTIF(D16:AH16,"x-0.75")+COUNTIF(D16:AH16,"x-1")+COUNTIF(D16:AH16,"x-1,25")+COUNTIF(D16:AH16,"x-1,5")+COUNTIF(D16:AH16,"x-1,55")+COUNTIF(D16:AH16,"x-2")+COUNTIF(D16:AH16,"x/2")/2 -> 0 | AJ16: =0 -> 0 | AK16: =AI16+AJ16 -> 0
C17: C3 | AI17: =COUNTIF(D17:AH17,"x")+COUNTIF(D17:AH17,"x-0,25")+COUNTIF(D17:AH17,"x-0,50")+COUNTIF(D17:AH17,"x-0.75")+COUNTIF(D17:AH17,"x-1")+COUNTIF(D17:AH17,"x-1,25")+COUNTIF(D17:AH17,"x-1,5")+COUNTIF(D17:AH17,"x-1,55")+COUNTIF(D17:AH17,"x-2")+COUNTIF(D17:AH17,"x/2")/2 -> 0 | AJ17: =0 -> 0 | AK17: =AI17+AJ17 -> 0
AI18: ="" | AJ18: ="" | AK18: =""
A19: 4 | B19: Phùng Đình Hùng | C19: TC | Y19: 4 | Z19: 4 | AA19: 0 | AB19: 3 | AC19: 4 | AG19: 2 | AI19: =0 -> 0 | AJ19: =SUM(D19:AH19)/8 -> 2.125 | AK19: =AI19+AJ19 -> 2.125
C20: C1 | D20: x | E20: x | F20: x | G20: x | H20: x | I20: x | J20: x | K20: x | L20: x | M20: x | N20: x | O20: x | P20: x | X20: x | Y20: x | Z20: x | AA20: x | AB20: x | AC20: x | AD20: 0 | AE20: x | AF20: x | AG20: x | AI20: =COUNTIF(D20:AH20,"x")+COUNTIF(D20:AH20,"x-0,25")+COUNTIF(D20:AH20,"x-0,50")+COUNTIF(D20:AH20,"x-0.75")+COUNTIF(D20:AH20,"x-1")+COUNTIF(D20:AH20,"x-1,25")+COUNTIF(D20:AH20,"x-1,5")+COUNTIF(D20:AH20,"x-1,55")+COUNTIF(D20:AH20,"x-2")+COUNTIF(D20:AH20,"x/2")/2 -> 22 | AJ20: =0 -> 0 | AK20: =AI20+AJ20 -> 22
C21: C2 | S21: x | T21: x | U21: x | V21: x | W21: x | AI21: =COUNTIF(D21:AH21,"x")+COUNTIF(D21:AH21,"x-0,25")+COUNTIF(D21:AH21,"x-0,50")+COUNTIF(D21:AH21,"x-0.75")+COUNTIF(D21:AH21,"x-1")+COUNTIF(D21:AH21,"x-1,25")+COUNTIF(D21:AH21,"x-1,5")+COUNTIF(D21:AH21,"x-1,55")+COUNTIF(D21:AH21,"x-2")+COUNTIF(D21:AH21,"x/2")/2 -> 5 | AJ21: =0 -> 0 | AK21: =AI21+AJ21 -> 5
C22: C3 | AI22: =COUNTIF(D22:AH22,"x")+COUNTIF(D22:AH22,"x-0,25")+COUNTIF(D22:AH22,"x-0,50")+COUNTIF(D22:AH22,"x-0.75")+COUNTIF(D22:AH22,"x-1")+COUNTIF(D22:AH22,"x-1,25")+COUNTIF(D22:AH22,"x-1,5")+COUNTIF(D22:AH22,"x-1,55")+COUNTIF(D22:AH22,"x-2")+COUNTIF(D22:AH22,"x/2")/2 -> 0 | AJ22: =0 -> 0 | AK22: =AI22+AJ22 -> 0
AI23: ="" | AJ23: ="" | AK23: =""
A24: 5 | B24: Đặng Ngọc Long | C24: TC | Y24: 4 | Z24: 4 | AA24: 3 | AC24: 4 | AD24: 4 | AF24: 2 | AG24: 2 | AI24: =0 -> 0 | AJ24: =SUM(D24:AH24)/8 -> 2.875 | AK24: =AI24+AJ24 -> 2.875
C25: C1 | Y25: x | Z25: x | AA25: x | AB25: x | AC25: x | AD25: x | AE25: x | AI25: =COUNTIF(D25:AH25,"x")+COUNTIF(D25:AH25,"x-0,25")+COUNTIF(D25:AH25,"x-0,50")+COUNTIF(D25:AH25,"x-0.75")+COUNTIF(D25:AH25,"x-1")+COUNTIF(D25:AH25,"x-1,25")+COUNTIF(D25:AH25,"x-1,5")+COUNTIF(D25:AH25,"x-1,55")+COUNTIF(D25:AH25,"x-2")+COUNTIF(D25:AH25,"x/2")/2 -> 7 | AJ25: =0 -> 0 | AK25: =AI25+AJ25 -> 7
C26: C2 | D26: x | E26: x | F26: x | G26: x | H26: x | I26: 0 | K26: x | L26: x | M26: x | N26: x | O26: x | P26: x | S26: 0 | T26: 0 | U26: 0 | V26: 0 | W26: 0 | AF26: x | AG26: x | AI26: =COUNTIF(D26:AH26,"x")+COUNTIF(D26:AH26,"x-0,25")+COUNTIF(D26:AH26,"x-0,50")+COUNTIF(D26:AH26,"x-0.75")+COUNTIF(D26:AH26,"x-1")+COUNTIF(D26:AH26,"x-1,25")+COUNTIF(D26:AH26,"x-1,5")+COUNTIF(D26:AH26,"x-1,55")+COUNTIF(D26:AH26,"x-2")+COUNTIF(D26:AH26,"x/2")/2 -> 13 | AJ26: =0 -> 0 | AK26: =AI26+AJ26 -> 13
C27: C3 | AI27: =COUNTIF(D27:AH27,"x")+COUNTIF(D27:AH27,"x-0,25")+COUNTIF(D27:AH27,"x-0,50")+COUNTIF(D27:AH27,"x-0.75")+COUNTIF(D27:AH27,"x-1")+COUNTIF(D27:AH27,"x-1,25")+COUNTIF(D27:AH27,"x-1,5")+COUNTIF(D27:AH27,"x-1,55")+COUNTIF(D27:AH27,"x-2")+COUNTIF(D27:AH27,"x/2")/2 -> 0 | AJ27: =0 -> 0 | AK27: =AI27+AJ27 -> 0
AI28: ="" | AJ28: ="" | AK28: =""
A29: 6 | B29: Trần Văn Nhận | C29: TC | Y29: 4 | Z29: 4 | AA29: 3 | AB29: 4 | AC29: 4 | AD29: 4 | AF29: 2 | AG29: 2 | AI29: =0 -> 0 | AJ29: =SUM(D29:AH29)/8 -> 3.375 | AK29: =AI29+AJ29 -> 3.375
C30: C1 | S30: x | T30: x | U30: x | V30: x | W30: x | AI30: =COUNTIF(D30:AH30,"x")+COUNTIF(D30:AH30,"x-0,25")+COUNTIF(D30:AH30,"x-0,50")+COUNTIF(D30:AH30,"x-0.75")+COUNTIF(D30:AH30,"x-1")+COUNTIF(D30:AH30,"x-1,25")+COUNTIF(D30:AH30,"x-1,5")+COUNTIF(D30:AH30,"x-1,55")+COUNTIF(D30:AH30,"x-2")+COUNTIF(D30:AH30,"x/2")/2 -> 5 | AJ30: =0 -> 0 | AK30: =AI30+AJ30 -> 5
C31: C2 | J31: x | K31: x | L31: x | M31: x | N31: x | O31: x | P31: x | AF31: x | AG31: x | AI31: =COUNTIF(D31:AH31,"x")+COUNTIF(D31:AH31,"x-0,25")+COUNTIF(D31:AH31,"x-0,50")+COUNTIF(D31:AH31,"x-0.75")+COUNTIF(D31:AH31,"x-1")+COUNTIF(D31:AH31,"x-1,25")+COUNTIF(D31:AH31,"x-1,5")+COUNTIF(D31:AH31,"x-1,55")+COUNTIF(D31:AH31,"x-2")+COUNTIF(D31:AH31,"x/2")/2 -> 9 | AJ31: =0 -> 0 | AK31: =AI31+AJ31 -> 9
C32: C3 | D32: x | E32: x | F32: x | G32: x | H32: x | I32: x | X32: x | Y32: x | Z32: x | AA32: x | AB32: x | AC32: x | AD32: x | AI32: =COUNTIF(D32:AH32,"x")+COUNTIF(D32:AH32,"x-0,25")+COUNTIF(D32:AH32,"x-0,50")+COUNTIF(D32:AH32,"x-0.75")+COUNTIF(D32:AH32,"x-1")+COUNTIF(D32:AH32,"x-1,25")+COUNTIF(D32:AH32,"x-1,5")+COUNTIF(D32:AH32,"x-1,55")+COUNTIF(D32:AH32,"x-2")+COUNTIF(D32:AH32,"x/2")/2 -> 13 | AJ32: =0 -> 0 | AK32: =AI32+AJ32 -> 13
AI33: ="" | AJ33: ="" | AK33: =""
A34: 7 | B34: Phùng Gia Phúc | C34: TC | Y34: 4 | Z34: 4 | AA34: 3 | AB34: 4 | AC34: 4 | AD34: 4 | AF34: 2 | AG34: 2 | AI34: =0 -> 0 | AJ34: =SUM(D34:AH34)/8 -> 3.375 | AK34: =AI34+AJ34 -> 3.375
C35: C1 | N35: x | S35: x | T35: x | U35: x | V35: x | W35: x | AI35: =COUNTIF(D35:AH35,"x")+COUNTIF(D35:AH35,"x-0,25")+COUNTIF(D35:AH35,"x-0,50")+COUNTIF(D35:AH35,"x-0.75")+COUNTIF(D35:AH35,"x-1")+COUNTIF(D35:AH35,"x-1,25")+COUNTIF(D35:AH35,"x-1,5")+COUNTIF(D35:AH35,"x-1,55")+COUNTIF(D35:AH35,"x-2")+COUNTIF(D35:AH35,"x/2")/2 -> 6 | AJ35: =0 -> 0 | AK35: =AI35+AJ35 -> 6
C36: C2 | K36: x | L36: x | M36: x | O36: x | P36: x | AE36: x | AF36: x | AG36: x | AI36: =COUNTIF(D36:AH36,"x")+COUNTIF(D36:AH36,"x-0,25")+COUNTIF(D36:AH36,"x-0,50")+COUNTIF(D36:AH36,"x-0.75")+COUNTIF(D36:AH36,"x-1")+COUNTIF(D36:AH36,"x-1,25")+COUNTIF(D36:AH36,"x-1,5")+COUNTIF(D36:AH36,"x-1,55")+COUNTIF(D36:AH36,"x-2")+COUNTIF(D36:AH36,"x/2")/2 -> 8 | AJ36: =0 -> 0 | AK36: =AI36+AJ36 -> 8
C37: C3 | D37: x | E37: x | F37: x | G37: x | H37: x | I37: x-1 | X37: x | Y37: x | Z37: x | AA37: x | AB37: x | AC37: x | AD37: x | AI37: =COUNTIF(D37:AH37,"x")+COUNTIF(D37:AH37,"x-0,25")+COUNTIF(D37:AH37,"x-0,50")+COUNTIF(D37:AH37,"x-0.75")+COUNTIF(D37:AH37,"x-1")+COUNTIF(D37:AH37,"x-1,25")+COUNTIF(D37:AH37,"x-1,5")+COUNTIF(D37:AH37,"x-1,55")+COUNTIF(D37:AH37,"x-2")+COUNTIF(D37:AH37,"x/2")/2 -> 13 | AJ37: =0 -> 0 | AK37: =AI37+AJ37 -> 13
AI38: ="" | AJ38: ="" | AK38: =""
A39: 8 | B39: Trần Văn Quỳnh | C39: TC | T39: 4 | U39: 4 | Y39: 4 | Z39: 4 | AA39: 3 | AB39: 4 | AC39: 4 | AD39: 4 | AF39: 2 | AG39: 3 | AI39: =0 -> 0 | AJ39: =SUM(D39:AH39)/8 -> 4.5 | AK39: =AI39+AJ39 -> 4.5
C40: C1 | D40: x | E40: x | F40: x | G40: x | H40: x | I40: x | J40: x | S40: x | T40: x | U40: x | V40: x | W40: x | AI40: =COUNTIF(D40:AH40,"x")+COUNTIF(D40:AH40,"x-0,25")+COUNTIF(D40:AH40,"x-0,50")+COUNTIF(D40:AH40,"x-0.75")+COUNTIF(D40:AH40,"x-1")+COUNTIF(D40:AH40,"x-1,25")+COUNTIF(D40:AH40,"x-1,5")+COUNTIF(D40:AH40,"x-1,55")+COUNTIF(D40:AH40,"x-2")+COUNTIF(D40:AH40,"x/2")/2 -> 12 | AJ40: =0 -> 0 | AK40: =AI40+AJ40 -> 12
C41: C2 | K41: x | L41: x | M41: x | N41: x | O41: x | P41: x | AF41: x | AG41: x | AI41: =COUNTIF(D41:AH41,"x")+COUNTIF(D41:AH41,"x-0,25")+COUNTIF(D41:AH41,"x-0,50")+COUNTIF(D41:AH41,"x-0.75")+COUNTIF(D41:AH41,"x-1")+COUNTIF(D41:AH41,"x-1,25")+COUNTIF(D41:AH41,"x-1,5")+COUNTIF(D41:AH41,"x-1,55")+COUNTIF(D41:AH41,"x-2")+COUNTIF(D41:AH41,"x/2")/2 -> 8 | AJ41: =0 -> 0 | AK41: =AI41+AJ41 -> 8
C42: C3 | X42: x | Y42: x | Z42: x | AA42: x | AB42: x | AC42: x | AD42: x | AI42: =COUNTIF(D42:AH42,"x")+COUNTIF(D42:AH42,"x-0,25")+COUNTIF(D42:AH42,"x-0,50")+COUNTIF(D42:AH42,"x-0.75")+COUNTIF(D42:AH42,"x-1")+COUNTIF(D42:AH42,"x-1,25")+COUNTIF(D42:AH42,"x-1,5")+COUNTIF(D42:AH42,"x-1,55")+COUNTIF(D42:AH42,"x-2")+COUNTIF(D42:AH42,"x/2")/2 -> 7 | AJ42: =0 -> 0 | AK42: =AI42+AJ42 -> 7
AI43: ="" | AJ43: ="" | AK43: =""
A44: 9 | B44: Phạm Ngọc Sam | C44: TC | Y44: 4 | Z44: 4 | AA44: 3 | AB44: 4 | AC44: 4 | AD44: 4 | AF44: 2 | AG44: 2 | AI44: =0 -> 0 | AJ44: =SUM(D44:AH44)/8 -> 3.375 | AK44: =AI44+AJ44 -> 3.375
C45: C1 | S45: x | T45: x | U45: x | V45: x | W45: x | AI45: =COUNTIF(D45:AH45,"x")+COUNTIF(D45:AH45,"x-0,25")+COUNTIF(D45:AH45,"x-0,50")+COUNTIF(D45:AH45,"x-0.75")+COUNTIF(D45:AH45,"x-1")+COUNTIF(D45:AH45,"x-1,25")+COUNTIF(D45:AH45,"x-1,5")+COUNTIF(D45:AH45,"x-1,55")+COUNTIF(D45:AH45,"x-2")+COUNTIF(D45:AH45,"x/2")/2 -> 5 | AJ45: =0 -> 0 | AK45: =AI45+AJ45 -> 5
C46: C2 | J46: x | K46: x | L46: x | M46: x | N46: x | O46: x | P46: x | AE46: x | AF46: x | AG46: x | AI46: =COUNTIF(D46:AH46,"x")+COUNTIF(D46:AH46,"x-0,25")+COUNTIF(D46:AH46,"x-0,50")+COUNTIF(D46:AH46,"x-0.75")+COUNTIF(D46:AH46,"x-1")+COUNTIF(D46:AH46,"x-1,25")+COUNTIF(D46:AH46,"x-1,5")+COUNTIF(D46:AH46,"x-1,55")+COUNTIF(D46:AH46,"x-2")+COUNTIF(D46:AH46,"x/2")/2 -> 10 | AJ46: =0 -> 0 | AK46: =AI46+AJ46 -> 10
C47: C3 | D47: x | E47: x | F47: x | G47: x | H47: x | I47: x | X47: x | Y47: x | Z47: x | AA47: x | AB47: x | AC47: x | AD47: x | AI47: =COUNTIF(D47:AH47,"x")+COUNTIF(D47:AH47,"x-0,25")+COUNTIF(D47:AH47,"x-0,50")+COUNTIF(D47:AH47,"x-0.75")+COUNTIF(D47:AH47,"x-1")+COUNTIF(D47:AH47,"x-1,25")+COUNTIF(D47:AH47,"x-1,5")+COUNTIF(D47:AH47,"x-1,55")+COUNTIF(D47:AH47,"x-2")+COUNTIF(D47:AH47,"x/2")/2 -> 13 | AJ47: =0 -> 0 | AK47: =AI47+AJ47 -> 13
AI48: ="" | AJ48: ="" | AK48: =""
A49: 10 | B49: Phùng Công Thắng | C49: TC | Y49: 4 | Z49: 4 | AA49: 3 | AB49: 4 | AC49: 4 | AD49: 4 | AF49: 2 | AG49: 2 | AI49: =0 -> 0 | AJ49: =SUM(D49:AH49)/8 -> 3.375 | AK49: =AI49+AJ49 -> 3.375
C50: C1 | D50: x | E50: x | F50: x | G50: x | H50: x | I50: x | X50: x | AI50: =COUNTIF(D50:AH50,"x")+COUNTIF(D50:AH50,"x-0,25")+COUNTIF(D50:AH50,"x-0,50")+COUNTIF(D50:AH50,"x-0.75")+COUNTIF(D50:AH50,"x-1")+COUNTIF(D50:AH50,"x-1,25")+COUNTIF(D50:AH50,"x-1,5")+COUNTIF(D50:AH50,"x-1,55")+COUNTIF(D50:AH50,"x-2")+COUNTIF(D50:AH50,"x/2")/2 -> 7 | AJ50: =0 -> 0 | AK50: =AI50+AJ50 -> 7
C51: C2 | S51: x | T51: x | U51: x | V51: x | W51: x | AI51: =COUNTIF(D51:AH51,"x")+COUNTIF(D51:AH51,"x-0,25")+COUNTIF(D51:AH51,"x-0,50")+COUNTIF(D51:AH51,"x-0.75")+COUNTIF(D51:AH51,"x-1")+COUNTIF(D51:AH51,"x-1,25")+COUNTIF(D51:AH51,"x-1,5")+COUNTIF(D51:AH51,"x-1,55")+COUNTIF(D51:AH51,"x-2")+COUNTIF(D51:AH51,"x/2")/2 -> 5 | AJ51: =0 -> 0 | AK51: =AI51+AJ51 -> 5
C52: C3 | J52: x | K52: x | L52: x | M52: x | N52: x | O52: x | P52: x/2 | Y52: x | Z52: x | AA52: x | AB52: x | AC52: x | AD52: x | AF52: x | AG52: x | AI52: =COUNTIF(D52:AH52,"x")+COUNTIF(D52:AH52,"x-0,25")+COUNTIF(D52:AH52,"x-0,50")+COUNTIF(D52:AH52,"x-0.75")+COUNTIF(D52:AH52,"x-1")+COUNTIF(D52:AH52,"x-1,25")+COUNTIF(D52:AH52,"x-1,5")+COUNTIF(D52:AH52,"x-1,55")+COUNTIF(D52:AH52,"x-2")+COUNTIF(D52:AH52,"x/2")/2 -> 14.5 | AJ52: =0 -> 0 | AK52: =AI52+AJ52 -> 14.5
AI53: ="" | AJ53: ="" | AK53: =""
A54: 11 | B54: Nguyễn Văn Thanh | C54: TC | Y54: 4 | Z54: 4 | AA54: 3 | AB54: 4 | AC54: 4 | AD54: 4 | AF54: 2 | AG54: 2 | AI54: =0 -> 0 | AJ54: =SUM(D54:AH54)/8 -> 3.375 | AK54: =AI54+AJ54 -> 3.375
C55: C1 | J55: x | K55: x | L55: x | M55: x | N55: x | O55: x | P55: x | AF55: x | AG55: x | AI55: =COUNTIF(D55:AH55,"x")+COUNTIF(D55:AH55,"x-0,25")+COUNTIF(D55:AH55,"x-0,50")+COUNTIF(D55:AH55,"x-0.75")+COUNTIF(D55:AH55,"x-1")+COUNTIF(D55:AH55,"x-1,25")+COUNTIF(D55:AH55,"x-1,5")+COUNTIF(D55:AH55,"x-1,55")+COUNTIF(D55:AH55,"x-2")+COUNTIF(D55:AH55,"x/2")/2 -> 9 | AJ55: =0 -> 0 | AK55: =AI55+AJ55 -> 9
C56: C2 | D56: x | E56: x | F56: x | G56: x | H56: x | I56: x | AI56: =COUNTIF(D56:AH56,"x")+COUNTIF(D56:AH56,"x-0,25")+COUNTIF(D56:AH56,"x-0,50")+COUNTIF(D56:AH56,"x-0.75")+COUNTIF(D56:AH56,"x-1")+COUNTIF(D56:AH56,"x-1,25")+COUNTIF(D56:AH56,"x-1,5")+COUNTIF(D56:AH56,"x-1,55")+COUNTIF(D56:AH56,"x-2")+COUNTIF(D56:AH56,"x/2")/2 -> 6 | AJ56: =0 -> 0 | AK56: =AI56+AJ56 -> 6
C57: C3 | S57: x | T57: x | U57: x | V57: x | W57: x | Y57: x | Z57: x | AA57: x | AB57: x | AC57: x | AD57: x | AI57: =COUNTIF(D57:AH57,"x")+COUNTIF(D57:AH57,"x-0,25")+COUNTIF(D57:AH57,"x-0,50")+COUNTIF(D57:AH57,"x-0.75")+COUNTIF(D57:AH57,"x-1")+COUNTIF(D57:AH57,"x-1,25")+COUNTIF(D57:AH57,"x-1,5")+COUNTIF(D57:AH57,"x-1,55")+COUNTIF(D57:AH57,"x-2")+COUNTIF(D57:AH57,"x/2")/2 -> 11 | AJ57: =0 -> 0 | AK57: =AI57+AJ57 -> 11
AI58: ="" | AJ58: ="" | AK58: =""
A59: 12 | B59: Vũ Tiến Thuận | C59: TC | Y59: 3.25 | Z59: 0 | AA59: 3 | AB59: 4 | AC59: 4 | AI59: =0 -> 0 | AJ59: =SUM(D59:AH59)/8 -> 1.78125 | AK59: =AI59+AJ59 -> 1.78125
C60: C1 | E60: x | F60: x | J60: x | K60: x | L60: x | M60: x | O60: x-1,5 | P60: x | Y60: x | Z60: x | AA60: x | AB60: x | AC60: x | AD60: x | AI60: =COUNTIF(D60:AH60,"x")+COUNTIF(D60:AH60,"x-0,25")+COUNTIF(D60:AH60,"x-0,50")+COUNTIF(D60:AH60,"x-0.75")+COUNTIF(D60:AH60,"x-1")+COUNTIF(D60:AH60,"x-1,25")+COUNTIF(D60:AH60,"x-1,5")+COUNTIF(D60:AH60,"x-1,55")+COUNTIF(D60:AH60,"x-2")+COUNTIF(D60:AH60,"x/2")/2 -> 14 | AJ60: =0 -> 0 | AK60: =AI60+AJ60 -> 14
C61: C2 | D61: x | G61: x | H61: 0 | I61: x | N61: x | S61: x | T61: x | U61: x | V61: x | W61: x | AI61: =COUNTIF(D61:AH61,"x")+COUNTIF(D61:AH61,"x-0,25")+COUNTIF(D61:AH61,"x-0,50")+COUNTIF(D61:AH61,"x-0.75")+COUNTIF(D61:AH61,"x-1")+COUNTIF(D61:AH61,"x-1,25")+COUNTIF(D61:AH61,"x-1,5")+COUNTIF(D61:AH61,"x-1,55")+COUNTIF(D61:AH61,"x-2")+COUNTIF(D61:AH61,"x/2")/2 -> 9 | AJ61: =0 -> 0 | AK61: =AI61+AJ61 -> 9
C62: C3 | AF62: x | AG62: x | AI62: =COUNTIF(D62:AH62,"x")+COUNTIF(D62:AH62,"x-0,25")+COUNTIF(D62:AH62,"x-0,50")+COUNTIF(D62:AH62,"x-0.75")+COUNTIF(D62:AH62,"x-1")+COUNTIF(D62:AH62,"x-1,25")+COUNTIF(D62:AH62,"x-1,5")+COUNTIF(D62:AH62,"x-1,55")+COUNTIF(D62:AH62,"x-2")+COUNTIF(D62:AH62,"x/2")/2 -> 2 | AJ62: =0 -> 0 | AK62: =AI62+AJ62 -> 2
AI63: ="" | AJ63: ="" | AK63: =""
A64: 13 | B64: Phạm Văn Tráng | C64: TC | Y64: 4 | Z64: 4 | AA64: 3 | AB64: 4 | AC64: 4 | AD64: 4 | AF64: 2 | AG64: 2 | AI64: =0 -> 0 | AJ64: =SUM(D64:AH64)/8 -> 3.375 | AK64: =AI64+AJ64 -> 3.375
C65: C1 | D65: x | E65: x | F65: x | G65: x | H65: x | I65: x | X65: x | Y65: x | Z65: x | AA65: x | AB65: x | AC65: x | AD65: x | AI65: =COUNTIF(D65:AH65,"x")+COUNTIF(D65:AH65,"x-0,25")+COUNTIF(D65:AH65,"x-0,50")+COUNTIF(D65:AH65,"x-0.75")+COUNTIF(D65:AH65,"x-1")+COUNTIF(D65:AH65,"x-1,25")+COUNTIF(D65:AH65,"x-1,5")+COUNTIF(D65:AH65,"x-1,55")+COUNTIF(D65:AH65,"x-2")+COUNTIF(D65:AH65,"x/2")/2 -> 13 | AJ65: =0 -> 0 | AK65: =AI65+AJ65 -> 13
C66: C2 | S66: x | T66: x | U66: x | V66: x | W66: x | AI66: =COUNTIF(D66:AH66,"x")+COUNTIF(D66:AH66,"x-0,25")+COUNTIF(D66:AH66,"x-0,50")+COUNTIF(D66:AH66,"x-0.75")+COUNTIF(D66:AH66,"x-1")+COUNTIF(D66:AH66,"x-1,25")+COUNTIF(D66:AH66,"x-1,5")+COUNTIF(D66:AH66,"x-1,55")+COUNTIF(D66:AH66,"x-2")+COUNTIF(D66:AH66,"x/2")/2 -> 5 | AJ66: =0 -> 0 | AK66: =AI66+AJ66 -> 5
C67: C3 | K67: x | L67: x | M67: x | N67: x | O67: x | P67: x/2 | AF67: x | AG67: x | AI67: =COUNTIF(D67:AH67,"x")+COUNTIF(D67:AH67,"x-0,25")+COUNTIF(D67:AH67,"x-0,50")+COUNTIF(D67:AH67,"x-0.75")+COUNTIF(D67:AH67,"x-1")+COUNTIF(D67:AH67,"x-1,25")+COUNTIF(D67:AH67,"x-1,5")+COUNTIF(D67:AH67,"x-1,55")+COUNTIF(D67:AH67,"x-2")+COUNTIF(D67:AH67,"x/2")/2 -> 7.5 | AJ67: =0 -> 0 | AK67: =AI67+AJ67 -> 7.5
A68: Note: | B68: HC: Hành chính (ĐVT: Ca) | AH68: ∑ | AI68: ="" | AJ68: ="" | AK68: =""
D74: =+C74+1 -> 1 | E74: =+D74+1 -> 2 | F74: =+E74+1 -> 3 | G74: =+F74+1 -> 4 | H74: =+G74+1 -> 5 | I74: =+H74+1 -> 6 | J74: =+I74+1 -> 7 | K74: =+J74+1 -> 8 | ... AH74: =+AG74+1 -> 31
AI75: =0 -> 0 | AJ75: =SUM(D75:AH75)/8 -> 0 | AK75: =AI75+AJ75 -> 0
AI76: =0 -> 0 | AJ76: =SUM(D76:AH76)/8 -> 0 | AK76: =AI76+AJ76 -> 0
AI77: =0 -> 0 | AJ77: =SUM(D77:AH77)/8 -> 0 | AK77: =AI77+AJ77 -> 0
AI78: =0 -> 0 | AJ78: =SUM(D78:AH78)/8 -> 0 | AK78: =AI78+AJ78 -> 0
AI79: =0 -> 0 | AJ79: =SUM(D79:AH79)/8 -> 0 | AK79: =AI79+AJ79 -> 0
AI80: =0 -> 0 | AJ80: =SUM(D80:AH80)/8 -> 0 | AK80: =AI80+AJ80 -> 0
AI81: =0 -> 0 | AJ81: =SUM(D81:AH81)/8 -> 0 | AK81: =AI81+AJ81 -> 0
AI82: =0 -> 0 | AJ82: =SUM(D82:AH82)/8 -> 0 | AK82: =AI82+AJ82 -> 0
AI83: =0 -> 0 | AK83: =AI83+AJ83 -> 0
AI84: =0 -> 0 | AJ84: =0 -> 0 | AK84: =AI84+AJ84 -> 0
AI85: =0 -> 0 | AJ85: =0 -> 0 | AK85: =AI85+AJ85 -> 0
AI86: =0 -> 0 | AJ86: =0 -> 0 | AK86: =AI86+AJ86 -> 0
AI87: =0 -> 0 | AJ87: =0 -> 0 | AK87: =AI87+AJ87 -> 0
AI88: =0 -> 0 | AJ88: =0 -> 0 | AK88: =AI88+AJ88 -> 0
AI89: =0 -> 0 | AJ89: =0 -> 0 | AK89: =AI89+AJ89 -> 0
AI90: =0 -> 0 | AJ90: =0 -> 0 | AK90: =AI90+AJ90 -> 0
AI91: =0 -> 0 | AJ91: =0 -> 0 | AK91: =AI91+AJ91 -> 0
AI92: =0 -> 0 | AJ92: =0 -> 0 | AK92: =AI92+AJ92 -> 0
AI93: =0 -> 0 | AJ93: =0 -> 0 | AK93: =AI93+AJ93 -> 0
AI94: =0 -> 0 | AJ94: =0 -> 0 | AK94: =AI94+AJ94 -> 0
AI95: =0 -> 0 | AJ95: =0 -> 0 | AK95: =AI95+AJ95 -> 0
... AI126: =0 -> 0 | AJ126: =0 -> 0 | AK126: =AI126+AJ126 -> 0
AJ127: =SUM(AJ75:AJ126) -> 0 | AK127: =SUM(AK75:AK126) -> 0

Sheet T7
A1: Px GCCK | D1: BẢNG CHẤM CÔNG THÁNG - THÁNG 7/2026 | AI1: Tổng công ca | AJ1: Tổng công TC | AK1: ∑
D2: 46204
A3: STT | B3: Họ tên | D3: 46204 | E3: 46205 | F3: =+E3+1 -> 46206 | G3: =+F3+1 -> 46207 | H3: =+G3+1 -> 46208 | I3: =+H3+1 -> 46209 | J3: =+I3+1 -> 46210 | K3: =+J3+1 -> 46211 | L3: =+K3+1 -> 46212 | M3: =+L3+1 -> 46213 | ... AH3: =+AG3+1 -> 46234
A4: 1 | B4: Nguyễn Trung Đông | C4: TC | P4: 2 | Q4: 1.25 | S4: 2 | T4: 2 | U4: 2 | AE4: 2 | AF4: 2 | AG4: 1.25 | AH4: 2 | AI4: =0 -> 0 | AJ4: =SUM(D4:AH4)/8 -> 2.0625 | AK4: =AI4+AJ4 -> 2.0625
C5: C1 | O5: x | P5: x | Q5: x | R5: x | S5: x | T5: x | U5: x | V5: x/2 | AI5: =COUNTIF(D5:AH5,"x")+COUNTIF(D5:AH5,"x-0,25")+COUNTIF(D5:AH5,"x-0,50")+COUNTIF(D5:AH5,"x-0.75")+COUNTIF(D5:AH5,"x-1")+COUNTIF(D5:AH5,"x-1,25")+COUNTIF(D5:AH5,"x-1,5")+COUNTIF(D5:AH5,"x-1,55")+COUNTIF(D5:AH5,"x-2")+COUNTIF(D5:AH5,"x/2")/2 -> 7.5 | AJ5: =0 -> 0 | AK5: =AI5+AJ5 -> 7.5
C6: C2 | H6: x | I6: x | J6: x/2 | K6: x | L6: x | M6: x | N6: x | AC6: x | AD6: x | AE6: x | AF6: x | AG6: x | AH6: x | AI6: =COUNTIF(D6:AH6,"x")+COUNTIF(D6:AH6,"x-0,25")+COUNTIF(D6:AH6,"x-0,50")+COUNTIF(D6:AH6,"x-0.75")+COUNTIF(D6:AH6,"x-1")+COUNTIF(D6:AH6,"x-1,25")+COUNTIF(D6:AH6,"x-1,5")+COUNTIF(D6:AH6,"x-1,55")+COUNTIF(D6:AH6,"x-2")+COUNTIF(D6:AH6,"x/2")/2 -> 12.5 | AJ6: =0 -> 0 | AK6: =AI6+AJ6 -> 12.5
C7: C3 | D7: x | E7: x | F7: x | G7: x | W7: x | X7: x | Y7: x | Z7: x | AA7: x | AB7: x | AI7: =COUNTIF(D7:AH7,"x")+COUNTIF(D7:AH7,"x-0,25")+COUNTIF(D7:AH7,"x-0,50")+COUNTIF(D7:AH7,"x-0.75")+COUNTIF(D7:AH7,"x-1")+COUNTIF(D7:AH7,"x-1,25")+COUNTIF(D7:AH7,"x-1,5")+COUNTIF(D7:AH7,"x-1,55")+COUNTIF(D7:AH7,"x-2")+COUNTIF(D7:AH7,"x/2")/2 -> 10 | AJ7: =0 -> 0 | AK7: =AI7+AJ7 -> 10
AI8: ="" | AJ8: ="" | AK8: =""
A9: 2 | B9: Trần Văn Dũng | C9: TC | D9: 2 | E9: 2 | F9: 2 | G9: 2 | J9: 2 | L9: 2 | M9: 2 | Q9: 3.75 | R9: 2 | S9: 2 | T9: 2 | U9: 2 | X9: 2 | Y9: 2 | Z9: 2 | AA9: 2 | AB9: 2 | AD9: 2 | AE9: 2 | AF9: 2 | AG9: 2 | AH9: 2 | AI9: =0 -> 0 | AJ9: =SUM(D9:AH9)/8 -> 5.71875 | AK9: =AI9+AJ9 -> 5.71875
C10: C1 | D10: x | E10: x | F10: x | G10: x | V10: x/2 | W10: x | X10: x | Y10: x | Z10: x | AA10: x | AB10: x | AI10: =COUNTIF(D10:AH10,"x")+COUNTIF(D10:AH10,"x-0,25")+COUNTIF(D10:AH10,"x-0,50")+COUNTIF(D10:AH10,"x-0.75")+COUNTIF(D10:AH10,"x-1")+COUNTIF(D10:AH10,"x-1,25")+COUNTIF(D10:AH10,"x-1,5")+COUNTIF(D10:AH10,"x-1,55")+COUNTIF(D10:AH10,"x-2")+COUNTIF(D10:AH10,"x/2")/2 -> 10.5 | AJ10: =0 -> 0 | AK10: =AI10+AJ10 -> 10.5
C11: C2 | O11: x | P11: x | Q11: x | R11: x | S11: x | T11: x | U11: x | AI11: =COUNTIF(D11:AH11,"x")+COUNTIF(D11:AH11,"x-0,25")+COUNTIF(D11:AH11,"x-0,50")+COUNTIF(D11:AH11,"x-0.75")+COUNTIF(D11:AH11,"x-1")+COUNTIF(D11:AH11,"x-1,25")+COUNTIF(D11:AH11,"x-1,5")+COUNTIF(D11:AH11,"x-1,55")+COUNTIF(D11:AH11,"x-2")+COUNTIF(D11:AH11,"x/2")/2 -> 7 | AJ11: =0 -> 0 | AK11: =AI11+AJ11 -> 7
C12: C3 | H12: x | I12: x | J12: x | K12: x | L12: x | M12: x | N12: x | AC12: x | AD12: x | AE12: x | AF12: x | AG12: x | AH12: x | AI12: =COUNTIF(D12:AH12,"x")+COUNTIF(D12:AH12,"x-0,25")+COUNTIF(D12:AH12,"x-0,50")+COUNTIF(D12:AH12,"x-0.75")+COUNTIF(D12:AH12,"x-1")+COUNTIF(D12:AH12,"x-1,25")+COUNTIF(D12:AH12,"x-1,5")+COUNTIF(D12:AH12,"x-1,55")+COUNTIF(D12:AH12,"x-2")+COUNTIF(D12:AH12,"x/2")/2 -> 13 | AJ12: =0 -> 0 | AK12: =AI12+AJ12 -> 13
AI13: ="" | AJ13: ="" | AK13: =""
A14: 3 | B14: Hoàng Ngọc Hà | C14: TC | K14: 1 | Z14: 1 | AI14: =0 -> 0 | AJ14: =SUM(D14:AH14)/8 -> 0.25 | AK14: =AI14+AJ14 -> 0.25
C15: C1 | D15: x | E15: x | F15: x | G15: x | I15: x | J15: x | K15: x | L15: x | M15: x | N15: x | P15: x | Q15: x | R15: x | S15: x | T15: x | U15: x | W15: x/2 | X15: x | Y15: x | Z15: x | AA15: x | AB15: x | AC15: x/2 | AD15: x | AE15: x-0,25 | AF15: x | AG15: x | AH15: x | AI15: =COUNTIF(D15:AH15,"x")+COUNTIF(D15:AH15,"x-0,25")+COUNTIF(D15:AH15,"x-0,50")+COUNTIF(D15:AH15,"x-0.75")+COUNTIF(D15:AH15,"x-1")+COUNTIF(D15:AH15,"x-1,25")+COUNTIF(D15:AH15,"x-1,5")+COUNTIF(D15:AH15,"x-1,55")+COUNTIF(D15:AH15,"x-2")+COUNTIF(D15:AH15,"x/2")/2 -> 27 | AJ15: =0 -> 0 | AK15: =AI15+AJ15 -> 27
C16: C2 | AI16: =COUNTIF(D16:AH16,"x")+COUNTIF(D16:AH16,"x-0,25")+COUNTIF(D16:AH16,"x-0,50")+COUNTIF(D16:AH16,"x-0.75")+COUNTIF(D16:AH16,"x-1")+COUNTIF(D16:AH16,"x-1,25")+COUNTIF(D16:AH16,"x-1,5")+COUNTIF(D16:AH16,"x-1,55")+COUNTIF(D16:AH16,"x-2")+COUNTIF(D16:AH16,"x/2")/2 -> 0 | AJ16: =0 -> 0 | AK16: =AI16+AJ16 -> 0
C17: C3 | V17: x | AI17: =COUNTIF(D17:AH17,"x")+COUNTIF(D17:AH17,"x-0,25")+COUNTIF(D17:AH17,"x-0,50")+COUNTIF(D17:AH17,"x-0.75")+COUNTIF(D17:AH17,"x-1")+COUNTIF(D17:AH17,"x-1,25")+COUNTIF(D17:AH17,"x-1,5")+COUNTIF(D17:AH17,"x-1,55")+COUNTIF(D17:AH17,"x-2")+COUNTIF(D17:AH17,"x/2")/2 -> 1 | AJ17: =0 -> 0 | AK17: =AI17+AJ17 -> 1
AI18: ="" | AJ18: ="" | AK18: =""
A19: 4 | B19: Phùng Đình Hùng | C19: TC | Q19: 3.25 | AI19: =0 -> 0 | AJ19: =SUM(D19:AH19)/8 -> 0.40625 | AK19: =AI19+AJ19 -> 0.40625
C20: C1 | D20: x | E20: x | F20: x | G20: x | I20: 0 | J20: 0 | K20: 0 | O20: x | P20: x | Q20: x | R20: x | S20: x | T20: x/2 | U20: x | W20: x | X20: x | Y20: x | Z20: x | AA20: x | AB20: x | AC20: x | AI20: =COUNTIF(D20:AH20,"x")+COUNTIF(D20:AH20,"x-0,25")+COUNTIF(D20:AH20,"x-0,50")+COUNTIF(D20:AH20,"x-0.75")+COUNTIF(D20:AH20,"x-1")+COUNTIF(D20:AH20,"x-1,25")+COUNTIF(D20:AH20,"x-1,5")+COUNTIF(D20:AH20,"x-1,55")+COUNTIF(D20:AH20,"x-2")+COUNTIF(D20:AH20,"x/2")/2 -> 17.5 | AJ20: =0 -> 0 | AK20: =AI20+AJ20 -> 17.5
C21: C2 | H21: x | L21: x | M21: x | N21: x | AD21: x | AE21: x | AF21: x | AG21: x | AH21: x | AI21: =COUNTIF(D21:AH21,"x")+COUNTIF(D21:AH21,"x-0,25")+COUNTIF(D21:AH21,"x-0,50")+COUNTIF(D21:AH21,"x-0.75")+COUNTIF(D21:AH21,"x-1")+COUNTIF(D21:AH21,"x-1,25")+COUNTIF(D21:AH21,"x-1,5")+COUNTIF(D21:AH21,"x-1,55")+COUNTIF(D21:AH21,"x-2")+COUNTIF(D21:AH21,"x/2")/2 -> 9 | AJ21: =0 -> 0 | AK21: =AI21+AJ21 -> 9
C22: C3 | AI22: =COUNTIF(D22:AH22,"x")+COUNTIF(D22:AH22,"x-0,25")+COUNTIF(D22:AH22,"x-0,50")+COUNTIF(D22:AH22,"x-0.75")+COUNTIF(D22:AH22,"x-1")+COUNTIF(D22:AH22,"x-1,25")+COUNTIF(D22:AH22,"x-1,5")+COUNTIF(D22:AH22,"x-1,55")+COUNTIF(D22:AH22,"x-2")+COUNTIF(D22:AH22,"x/2")/2 -> 0 | AJ22: =0 -> 0 | AK22: =AI22+AJ22 -> 0
AI23: ="" | AJ23: ="" | AK23: =""
A24: 5 | B24: Đặng Ngọc Long | C24: TC | D24: 2 | E24: 2 | F24: 2 | G24: 2 | M24: 2 | N24: 2 | P24: 2 | Q24: 3.75 | R24: 2 | S24: 2 | T24: 2 | X24: 2 | Y24: 2 | Z24: 2 | AA24: 2 | AB24: 2 | AD24: 2 | AE24: 2 | AF24: 2 | AG24: 2 | AH24: 2 | AI24: =0 -> 0 | AJ24: =SUM(D24:AH24)/8 -> 5.46875 | AK24: =AI24+AJ24 -> 5.46875
C25: C1 | V25: x/2 | AI25: =COUNTIF(D25:AH25,"x")+COUNTIF(D25:AH25,"x-0,25")+COUNTIF(D25:AH25,"x-0,50")+COUNTIF(D25:AH25,"x-0.75")+COUNTIF(D25:AH25,"x-1")+COUNTIF(D25:AH25,"x-1,25")+COUNTIF(D25:AH25,"x-1,5")+COUNTIF(D25:AH25,"x-1,55")+COUNTIF(D25:AH25,"x-2")+COUNTIF(D25:AH25,"x/2")/2 -> 0.5 | AJ25: =0 -> 0 | AK25: =AI25+AJ25 -> 0.5
C26: C2 | D26: x | E26: x | F26: x | G26: x | H26: x | I26: x | J26: x | K26: x | L26: x | M26: x | N26: x | O26: x | P26: x | Q26: x | R26: x | S26: x | T26: x | U26: 0 | W26: x | X26: x | Y26: x | Z26: x | AA26: x | AB26: x | AC26: x | AD26: x | AE26: x | AF26: x | AG26: x | AH26: x | AI26: =COUNTIF(D26:AH26,"x")+COUNTIF(D26:AH26,"x-0,25")+COUNTIF(D26:AH26,"x-0,50")+COUNTIF(D26:AH26,"x-0.75")+COUNTIF(D26:AH26,"x-1")+COUNTIF(D26:AH26,"x-1,25")+COUNTIF(D26:AH26,"x-1,5")+COUNTIF(D26:AH26,"x-1,55")+COUNTIF(D26:AH26,"x-2")+COUNTIF(D26:AH26,"x/2")/2 -> 29 | AJ26: =0 -> 0 | AK26: =AI26+AJ26 -> 29
C27: C3 | AI27: =COUNTIF(D27:AH27,"x")+COUNTIF(D27:AH27,"x-0,25")+COUNTIF(D27:AH27,"x-0,50")+COUNTIF(D27:AH27,"x-0.75")+COUNTIF(D27:AH27,"x-1")+COUNTIF(D27:AH27,"x-1,25")+COUNTIF(D27:AH27,"x-1,5")+COUNTIF(D27:AH27,"x-1,55")+COUNTIF(D27:AH27,"x-2")+COUNTIF(D27:AH27,"x/2")/2 -> 0 | AJ27: =0 -> 0 | AK27: =AI27+AJ27 -> 0
AI28: ="" | AJ28: ="" | AK28: =""
A29: 6 | B29: Trần Văn Nhận | C29: TC | D29: 2 | E29: 2 | F29: 2 | G29: 2 | P29: 2 | Q29: 2 | R29: 2 | S29: 2 | T29: 0.5 | U29: 2 | X29: 2 | Y29: 2 | Z29: 2 | AA29: 2 | AB29: 2 | AD29: 2 | AE29: 2 | AF29: 2 | AG29: 2 | AH29: 2 | AI29: =0 -> 0 | AJ29: =SUM(D29:AH29)/8 -> 4.8125 | AK29: =AI29+AJ29 -> 4.8125
C30: C1 | H30: x | I30: 0 | J30: 0 | K30: 0 | L30: 0 | M30: 0 | N30: 0 | AC30: x | AD30: x | AE30: x | AF30: x | AG30: x | AH30: x | AI30: =COUNTIF(D30:AH30,"x")+COUNTIF(D30:AH30,"x-0,25")+COUNTIF(D30:AH30,"x-0,50")+COUNTIF(D30:AH30,"x-0.75")+COUNTIF(D30:AH30,"x-1")+COUNTIF(D30:AH30,"x-1,25")+COUNTIF(D30:AH30,"x-1,5")+COUNTIF(D30:AH30,"x-1,55")+COUNTIF(D30:AH30,"x-2")+COUNTIF(D30:AH30,"x/2")/2 -> 7 | AJ30: =0 -> 0 | AK30: =AI30+AJ30 -> 7
C31: C2 | E31: x | F31: x | G31: x | T31: x | W31: x | X31: x | Y31: x | Z31: x | AA31: x | AB31: x | AI31: =COUNTIF(D31:AH31,"x")+COUNTIF(D31:AH31,"x-0,25")+COUNTIF(D31:AH31,"x-0,50")+COUNTIF(D31:AH31,"x-0.75")+COUNTIF(D31:AH31,"x-1")+COUNTIF(D31:AH31,"x-1,25")+COUNTIF(D31:AH31,"x-1,5")+COUNTIF(D31:AH31,"x-1,55")+COUNTIF(D31:AH31,"x-2")+COUNTIF(D31:AH31,"x/2")/2 -> 10 | AJ31: =0 -> 0 | AK31: =AI31+AJ31 -> 10
C32: C3 | D32: x | P32: x | Q32: x | R32: x | S32: x | U32: x | V32: x | AI32: =COUNTIF(D32:AH32,"x")+COUNTIF(D32:AH32,"x-0,25")+COUNTIF(D32:AH32,"x-0,50")+COUNTIF(D32:AH32,"x-0.75")+COUNTIF(D32:AH32,"x-1")+COUNTIF(D32:AH32,"x-1,25")+COUNTIF(D32:AH32,"x-1,5")+COUNTIF(D32:AH32,"x-1,55")+COUNTIF(D32:AH32,"x-2")+COUNTIF(D32:AH32,"x/2")/2 -> 7 | AJ32: =0 -> 0 | AK32: =AI32+AJ32 -> 7
AI33: ="" | AJ33: ="" | AK33: =""
A34: 7 | B34: Phùng Gia Phúc | C34: TC | D34: 2 | E34: 2 | F34: 2 | G34: 2 | L34: 2 | P34: 2 | Q34: 2 | R34: 2 | S34: 2 | T34: 3.75 | X34: 2 | Y34: 2 | Z34: 2 | AA34: 2 | AB34: 2 | AE34: 2 | AF34: 2 | AI34: =0 -> 0 | AJ34: =SUM(D34:AH34)/8 -> 4.46875 | AK34: =AI34+AJ34 -> 4.46875
C35: C1 | I35: x | J35: x | K35: x | L35: x | M35: x | N35: x | AC35: x | AD35: x | AE35: x | AF35: x | AG35: x | AH35: x | AI35: =COUNTIF(D35:AH35,"x")+COUNTIF(D35:AH35,"x-0,25")+COUNTIF(D35:AH35,"x-0,50")+COUNTIF(D35:AH35,"x-0.75")+COUNTIF(D35:AH35,"x-1")+COUNTIF(D35:AH35,"x-1,25")+COUNTIF(D35:AH35,"x-1,5")+COUNTIF(D35:AH35,"x-1,55")+COUNTIF(D35:AH35,"x-2")+COUNTIF(D35:AH35,"x/2")/2 -> 12 | AJ35: =0 -> 0 | AK35: =AI35+AJ35 -> 12
C36: C2 | D36: x | E36: x | F36: x | G36: x | W36: x | X36: x | Y36: x | Z36: x | AA36: x | AB36: x | AI36: =COUNTIF(D36:AH36,"x")+COUNTIF(D36:AH36,"x-0,25")+COUNTIF(D36:AH36,"x-0,50")+COUNTIF(D36:AH36,"x-0.75")+COUNTIF(D36:AH36,"x-1")+COUNTIF(D36:AH36,"x-1,25")+COUNTIF(D36:AH36,"x-1,5")+COUNTIF(D36:AH36,"x-1,55")+COUNTIF(D36:AH36,"x-2")+COUNTIF(D36:AH36,"x/2")/2 -> 10 | AJ36: =0 -> 0 | AK36: =AI36+AJ36 -> 10
C37: C3 | O37: x | P37: x | Q37: x | R37: x | S37: x | T37: x | U37: 0 | AI37: =COUNTIF(D37:AH37,"x")+COUNTIF(D37:AH37,"x-0,25")+COUNTIF(D37:AH37,"x-0,50")+COUNTIF(D37:AH37,"x-0.75")+COUNTIF(D37:AH37,"x-1")+COUNTIF(D37:AH37,"x-1,25")+COUNTIF(D37:AH37,"x-1,5")+COUNTIF(D37:AH37,"x-1,55")+COUNTIF(D37:AH37,"x-2")+COUNTIF(D37:AH37,"x/2")/2 -> 6 | AJ37: =0 -> 0 | AK37: =AI37+AJ37 -> 6
AI38: ="" | AJ38: ="" | AK38: =""
A39: 8 | B39: Trần Văn Quỳnh | C39: TC | D39: 2 | F39: 2 | G39: 2 | J39: 4 | K39: 4 | L39: 4 | M39: 2 | Q39: 3.25 | AD39: 2 | AE39: 2 | AG39: 2 | AI39: =0 -> 0 | AJ39: =SUM(D39:AH39)/8 -> 3.65625 | AK39: =AI39+AJ39 -> 3.65625
C40: C1 | H40: x | I40: x | J40: x | K40: x | L40: x | M40: x | N40: x | O40: x | P40: x | Q40: x | R40: x | S40: x | T40: x | U40: x | AC40: x | AD40: x | AE40: x | AF40: x | AG40: x | AH40: x | AI40: =COUNTIF(D40:AH40,"x")+COUNTIF(D40:AH40,"x-0,25")+COUNTIF(D40:AH40,"x-0,50")+COUNTIF(D40:AH40,"x-0.75")+COUNTIF(D40:AH40,"x-1")+COUNTIF(D40:AH40,"x-1,25")+COUNTIF(D40:AH40,"x-1,5")+COUNTIF(D40:AH40,"x-1,55")+COUNTIF(D40:AH40,"x-2")+COUNTIF(D40:AH40,"x/2")/2 -> 20 | AJ40: =0 -> 0 | AK40: =AI40+AJ40 -> 20
C41: C2 | D41: x | E41: 0 | F41: x | G41: x | W41: x | X41: x | Y41: x | Z41: x | AA41: x | AB41: x | AI41: =COUNTIF(D41:AH41,"x")+COUNTIF(D41:AH41,"x-0,25")+COUNTIF(D41:AH41,"x-0,50")+COUNTIF(D41:AH41,"x-0.75")+COUNTIF(D41:AH41,"x-1")+COUNTIF(D41:AH41,"x-1,25")+COUNTIF(D41:AH41,"x-1,5")+COUNTIF(D41:AH41,"x-1,55")+COUNTIF(D41:AH41,"x-2")+COUNTIF(D41:AH41,"x/2")/2 -> 9 | AJ41: =0 -> 0 | AK41: =AI41+AJ41 -> 9
C42: C3 | AI42: =COUNTIF(D42:AH42,"x")+COUNTIF(D42:AH42,"x-0,25")+COUNTIF(D42:AH42,"x-0,50")+COUNTIF(D42:AH42,"x-0.75")+COUNTIF(D42:AH42,"x-1")+COUNTIF(D42:AH42,"x-1,25")+COUNTIF(D42:AH42,"x-1,5")+COUNTIF(D42:AH42,"x-1,55")+COUNTIF(D42:AH42,"x-2")+COUNTIF(D42:AH42,"x/2")/2 -> 0 | AJ42: =0 -> 0 | AK42: =AI42+AJ42 -> 0
AI43: ="" | AJ43: ="" | AK43: =""
A44: 9 | B44: Phạm Ngọc Sam | C44: TC | D44: 2 | E44: 2 | F44: 2 | G44: 2 | M44: 2 | N44: 2 | Q44: 2 | R44: 2 | S44: 2 | T44: 3.75 | U44: 2 | Y44: 2 | Z44: 2 | AA44: 2 | AB44: 2 | AD44: 2 | AF44: 2 | AG44: 2 | AH44: 2 | AI44: =0 -> 0 | AJ44: =SUM(D44:AH44)/8 -> 4.96875 | AK44: =AI44+AJ44 -> 4.96875
C45: C1 | H45: x | I45: x | J45: x | K45: x | L45: x | M45: x | N45: x | AB45: x | AC45: x | AD45: x | AE45: x | AF45: x | AG45: x | AH45: x | AI45: =COUNTIF(D45:AH45,"x")+COUNTIF(D45:AH45,"x-0,25")+COUNTIF(D45:AH45,"x-0,50")+COUNTIF(D45:AH45,"x-0.75")+COUNTIF(D45:AH45,"x-1")+COUNTIF(D45:AH45,"x-1,25")+COUNTIF(D45:AH45,"x-1,5")+COUNTIF(D45:AH45,"x-1,55")+COUNTIF(D45:AH45,"x-2")+COUNTIF(D45:AH45,"x/2")/2 -> 14 | AJ45: =0 -> 0 | AK45: =AI45+AJ45 -> 14
C46: C2 | D46: x | E46: x | F46: x | G46: x | W46: x | X46: x | Y46: x | Z46: x | AA46: x | AI46: =COUNTIF(D46:AH46,"x")+COUNTIF(D46:AH46,"x-0,25")+COUNTIF(D46:AH46,"x-0,50")+COUNTIF(D46:AH46,"x-0.75")+COUNTIF(D46:AH46,"x-1")+COUNTIF(D46:AH46,"x-1,25")+COUNTIF(D46:AH46,"x-1,5")+COUNTIF(D46:AH46,"x-1,55")+COUNTIF(D46:AH46,"x-2")+COUNTIF(D46:AH46,"x/2")/2 -> 9 | AJ46: =0 -> 0 | AK46: =AI46+AJ46 -> 9
C47: C3 | O47: x | P47: x | Q47: x | R47: x | S47: x | T47: x | U47: x | AI47: =COUNTIF(D47:AH47,"x")+COUNTIF(D47:AH47,"x-0,25")+COUNTIF(D47:AH47,"x-0,50")+COUNTIF(D47:AH47,"x-0.75")+COUNTIF(D47:AH47,"x-1")+COUNTIF(D47:AH47,"x-1,25")+COUNTIF(D47:AH47,"x-1,5")+COUNTIF(D47:AH47,"x-1,55")+COUNTIF(D47:AH47,"x-2")+COUNTIF(D47:AH47,"x/2")/2 -> 7 | AJ47: =0 -> 0 | AK47: =AI47+AJ47 -> 7
AI48: ="" | AJ48: ="" | AK48: =""
A49: 10 | B49: Phùng Công Thắng | C49: TC | D49: 2 | E49: 2 | F49: 2 | L49: 2 | M49: 2 | N49: 2 | P49: 2 | Q49: 3.25 | R49: 2 | S49: 2 | T49: 2 | W49: 2 | Y49: 2 | Z49: 2 | AA49: 2 | AD49: 2 | AE49: 2 | AF49: 2 | AG49: 2 | AH49: 2 | AI49: =0 -> 0 | AJ49: =SUM(D49:AH49)/8 -> 5.15625 | AK49: =AI49+AJ49 -> 5.15625
C50: C1 | O50: x | P50: x | Q50: x | R50: x | S50: x | T50: x | U50: x | AI50: =COUNTIF(D50:AH50,"x")+COUNTIF(D50:AH50,"x-0,25")+COUNTIF(D50:AH50,"x-0,50")+COUNTIF(D50:AH50,"x-0.75")+COUNTIF(D50:AH50,"x-1")+COUNTIF(D50:AH50,"x-1,25")+COUNTIF(D50:AH50,"x-1,5")+COUNTIF(D50:AH50,"x-1,55")+COUNTIF(D50:AH50,"x-2")+COUNTIF(D50:AH50,"x/2")/2 -> 7 | AJ50: =0 -> 0 | AK50: =AI50+AJ50 -> 7
C51: C2 | H51: x | I51: x/2 | J51: x/2 | K51: x | L51: x | M51: x | N51: x | AC51: x | AD51: x | AE51: x | AF51: x | AG51: x | AH51: x | AI51: =COUNTIF(D51:AH51,"x")+COUNTIF(D51:AH51,"x-0,25")+COUNTIF(D51:AH51,"x-0,50")+COUNTIF(D51:AH51,"x-0.75")+COUNTIF(D51:AH51,"x-1")+COUNTIF(D51:AH51,"x-1,25")+COUNTIF(D51:AH51,"x-1,5")+COUNTIF(D51:AH51,"x-1,55")+COUNTIF(D51:AH51,"x-2")+COUNTIF(D51:AH51,"x/2")/2 -> 12 | AJ51: =0 -> 0 | AK51: =AI51+AJ51 -> 12
C52: C3 | D52: x | E52: x | F52: x | G52: x | W52: x | X52: x | Y52: x | Z52: x | AA52: x | AB52: x | AI52: =COUNTIF(D52:AH52,"x")+COUNTIF(D52:AH52,"x-0,25")+COUNTIF(D52:AH52,"x-0,50")+COUNTIF(D52:AH52,"x-0.75")+COUNTIF(D52:AH52,"x-1")+COUNTIF(D52:AH52,"x-1,25")+COUNTIF(D52:AH52,"x-1,5")+COUNTIF(D52:AH52,"x-1,55")+COUNTIF(D52:AH52,"x-2")+COUNTIF(D52:AH52,"x/2")/2 -> 10 | AJ52: =0 -> 0 | AK52: =AI52+AJ52 -> 10
AI53: ="" | AJ53: ="" | AK53: =""
A54: 11 | B54: Nguyễn Văn Thanh | C54: TC | D54: 2 | E54: 2 | F54: 2 | L54: 2 | P54: 2 | Q54: 3.75 | R54: 2 | S54: 2 | T54: 2 | U54: 2 | X54: 2 | Y54: 2 | AA54: 2 | AD54: 2 | AE54: 2 | AF54: 2 | AG54: 2 | AH54: 2 | AI54: =0 -> 0 | AJ54: =SUM(D54:AH54)/8 -> 4.71875 | AK54: =AI54+AJ54 -> 4.71875
C55: C1 | D55: x | E55: x | F55: x | G55: x | V55: x/2 | W55: x | X55: x | Y55: x | Z55: x | AA55: x | AB55: x | AI55: =COUNTIF(D55:AH55,"x")+COUNTIF(D55:AH55,"x-0,25")+COUNTIF(D55:AH55,"x-0,50")+COUNTIF(D55:AH55,"x-0.75")+COUNTIF(D55:AH55,"x-1")+COUNTIF(D55:AH55,"x-1,25")+COUNTIF(D55:AH55,"x-1,5")+COUNTIF(D55:AH55,"x-1,55")+COUNTIF(D55:AH55,"x-2")+COUNTIF(D55:AH55,"x/2")/2 -> 10.5 | AJ55: =0 -> 0 | AK55: =AI55+AJ55 -> 10.5
C56: C2 | O56: x | P56: x | Q56: x | R56: x | S56: x | T56: x | U56: x | AI56: =COUNTIF(D56:AH56,"x")+COUNTIF(D56:AH56,"x-0,25")+COUNTIF(D56:AH56,"x-0,50")+COUNTIF(D56:AH56,"x-0.75")+COUNTIF(D56:AH56,"x-1")+COUNTIF(D56:AH56,"x-1,25")+COUNTIF(D56:AH56,"x-1,5")+COUNTIF(D56:AH56,"x-1,55")+COUNTIF(D56:AH56,"x-2")+COUNTIF(D56:AH56,"x/2")/2 -> 7 | AJ56: =0 -> 0 | AK56: =AI56+AJ56 -> 7
C57: C3 | H57: x | I57: x | J57: x | K57: x | L57: x | M57: x | N57: x | AC57: x | AD57: x | AE57: x | AF57: x | AG57: x | AH57: x | AI57: =COUNTIF(D57:AH57,"x")+COUNTIF(D57:AH57,"x-0,25")+COUNTIF(D57:AH57,"x-0,50")+COUNTIF(D57:AH57,"x-0.75")+COUNTIF(D57:AH57,"x-1")+COUNTIF(D57:AH57,"x-1,25")+COUNTIF(D57:AH57,"x-1,5")+COUNTIF(D57:AH57,"x-1,55")+COUNTIF(D57:AH57,"x-2")+COUNTIF(D57:AH57,"x/2")/2 -> 13 | AJ57: =0 -> 0 | AK57: =AI57+AJ57 -> 13
AI58: ="" | AJ58: ="" | AK58: =""
A59: 12 | B59: Vũ Tiến Thuận | C59: TC | Q59: 3.5 | AA59: -1.25 | AD59: 2 | AF59: 2 | AI59: =0 -> 0 | AJ59: =SUM(D59:AH59)/8 -> 0.78125 | AK59: =AI59+AJ59 -> 0.78125
C60: C1 | D60: 0 | E60: x | V60: x/2 | W60: x | X60: x | Y60: 0 | Z60: x | AA60: x | AB60: x | AI60: =COUNTIF(D60:AH60,"x")+COUNTIF(D60:AH60,"x-0,25")+COUNTIF(D60:AH60,"x-0,50")+COUNTIF(D60:AH60,"x-0.75")+COUNTIF(D60:AH60,"x-1")+COUNTIF(D60:AH60,"x-1,25")+COUNTIF(D60:AH60,"x-1,5")+COUNTIF(D60:AH60,"x-1,55")+COUNTIF(D60:AH60,"x-2")+COUNTIF(D60:AH60,"x/2")/2 -> 6.5 | AJ60: =0 -> 0 | AK60: =AI60+AJ60 -> 6.5
C61: C2 | P61: x/2 | AI61: =COUNTIF(D61:AH61,"x")+COUNTIF(D61:AH61,"x-0,25")+COUNTIF(D61:AH61,"x-0,50")+COUNTIF(D61:AH61,"x-0.75")+COUNTIF(D61:AH61,"x-1")+COUNTIF(D61:AH61,"x-1,25")+COUNTIF(D61:AH61,"x-1,5")+COUNTIF(D61:AH61,"x-1,55")+COUNTIF(D61:AH61,"x-2")+COUNTIF(D61:AH61,"x/2")/2 -> 0.5 | AJ61: =0 -> 0 | AK61: =AI61+AJ61 -> 0.5
C62: C3 | F62: x | G62: x | H62: x-1 | I62: x | J62: x | K62: x | L62: x | M62: x | N62: x | Q62: x | R62: x | S62: x | T62: x | U62: x | AC62: x | AD62: x | AE62: x | AF62: x | AG62: x | AH62: x | AI62: =COUNTIF(D62:AH62,"x")+COUNTIF(D62:AH62,"x-0,25")+COUNTIF(D62:AH62,"x-0,50")+COUNTIF(D62:AH62,"x-0.75")+COUNTIF(D62:AH62,"x-1")+COUNTIF(D62:AH62,"x-1,25")+COUNTIF(D62:AH62,"x-1,5")+COUNTIF(D62:AH62,"x-1,55")+COUNTIF(D62:AH62,"x-2")+COUNTIF(D62:AH62,"x/2")/2 -> 20 | AJ62: =0 -> 0 | AK62: =AI62+AJ62 -> 20
AI63: ="" | AJ63: ="" | AK63: =""
A64: 13 | B64: Phạm Văn Tráng | C64: TC | D64: 2 | E64: 2 | F64: 2 | L64: 2 | M64: 2 | P64: 2 | Q64: 3 | R64: 2 | S64: 2 | T64: 2 | X64: 2 | Y64: 2 | Z64: 2 | AA64: 2 | AB64: 2 | AD64: 2 | AF64: 2 | AG64: 2 | AH64: 2 | AI64: =0 -> 0 | AJ64: =SUM(D64:AH64)/8 -> 4.875 | AK64: =AI64+AJ64 -> 4.875
C65: C1 | O65: x | P65: x | Q65: x | R65: x | S65: x | T65: x | U65: x | AI65: =COUNTIF(D65:AH65,"x")+COUNTIF(D65:AH65,"x-0,25")+COUNTIF(D65:AH65,"x-0,50")+COUNTIF(D65:AH65,"x-0.75")+COUNTIF(D65:AH65,"x-1")+COUNTIF(D65:AH65,"x-1,25")+COUNTIF(D65:AH65,"x-1,5")+COUNTIF(D65:AH65,"x-1,55")+COUNTIF(D65:AH65,"x-2")+COUNTIF(D65:AH65,"x/2")/2 -> 7 | AJ65: =0 -> 0 | AK65: =AI65+AJ65 -> 7
C66: C2 | I66: 0 | J66: x | K66: x | L66: x | M66: x | N66: x | AD66: x | AE66: x | AF66: x | AG66: x | AH66: x | AI66: =COUNTIF(D66:AH66,"x")+COUNTIF(D66:AH66,"x-0,25")+COUNTIF(D66:AH66,"x-0,50")+COUNTIF(D66:AH66,"x-0.75")+COUNTIF(D66:AH66,"x-1")+COUNTIF(D66:AH66,"x-1,25")+COUNTIF(D66:AH66,"x-1,5")+COUNTIF(D66:AH66,"x-1,55")+COUNTIF(D66:AH66,"x-2")+COUNTIF(D66:AH66,"x/2")/2 -> 10 | AJ66: =0 -> 0 | AK66: =AI66+AJ66 -> 10
C67: C3 | D67: x | E67: x | F67: x | G67: x | W67: x | X67: x | Y67: x | Z67: x | AA67: x | AB67: x | AI67: =COUNTIF(D67:AH67,"x")+COUNTIF(D67:AH67,"x-0,25")+COUNTIF(D67:AH67,"x-0,50")+COUNTIF(D67:AH67,"x-0.75")+COUNTIF(D67:AH67,"x-1")+COUNTIF(D67:AH67,"x-1,25")+COUNTIF(D67:AH67,"x-1,5")+COUNTIF(D67:AH67,"x-1,55")+COUNTIF(D67:AH67,"x-2")+COUNTIF(D67:AH67,"x/2")/2 -> 10 | AJ67: =0 -> 0 | AK67: =AI67+AJ67 -> 10
A68: Note: | B68: HC: Hành chính (ĐVT: Ca) | AH68: ∑ | AI68: ="" | AJ68: ="" | AK68: =""
D74: =+C74+1 -> 1 | E74: =+D74+1 -> 2 | F74: =+E74+1 -> 3 | G74: =+F74+1 -> 4 | H74: =+G74+1 -> 5 | I74: =+H74+1 -> 6 | J74: =+I74+1 -> 7 | K74: =+J74+1 -> 8 | ... AH74: =+AG74+1 -> 31
AI75: =0 -> 0 | AJ75: =SUM(D75:AH75)/8 -> 0 | AK75: =AI75+AJ75 -> 0
AI76: =0 -> 0 | AJ76: =SUM(D76:AH76)/8 -> 0 | AK76: =AI76+AJ76 -> 0
AI77: =0 -> 0 | AJ77: =SUM(D77:AH77)/8 -> 0 | AK77: =AI77+AJ77 -> 0
AI78: =0 -> 0 | AJ78: =SUM(D78:AH78)/8 -> 0 | AK78: =AI78+AJ78 -> 0
AI79: =0 -> 0 | AJ79: =SUM(D79:AH79)/8 -> 0 | AK79: =AI79+AJ79 -> 0
AI80: =0 -> 0 | AJ80: =SUM(D80:AH80)/8 -> 0 | AK80: =AI80+AJ80 -> 0
AI81: =0 -> 0 | AJ81: =SUM(D81:AH81)/8 -> 0 | AK81: =AI81+AJ81 -> 0
AI82: =0 -> 0 | AJ82: =SUM(D82:AH82)/8 -> 0 | AK82: =AI82+AJ82 -> 0
AI83: =0 -> 0 | AK83: =AI83+AJ83 -> 0
AI84: =0 -> 0 | AJ84: =0 -> 0 | AK84: =AI84+AJ84 -> 0
AI85: =0 -> 0 | AJ85: =0 -> 0 | AK85: =AI85+AJ85 -> 0
AI86: =0 -> 0 | AJ86: =0 -> 0 | AK86: =AI86+AJ86 -> 0
AI87: =0 -> 0 | AJ87: =0 -> 0 | AK87: =AI87+AJ87 -> 0
AI88: =0 -> 0 | AJ88: =0 -> 0 | AK88: =AI88+AJ88 -> 0
AI89: =0 -> 0 | AJ89: =0 -> 0 | AK89: =AI89+AJ89 -> 0
AI90: =0 -> 0 | AJ90: =0 -> 0 | AK90: =AI90+AJ90 -> 0
AI91: =0 -> 0 | AJ91: =0 -> 0 | AK91: =AI91+AJ91 -> 0
AI92: =0 -> 0 | AJ92: =0 -> 0 | AK92: =AI92+AJ92 -> 0
AI93: =0 -> 0 | AJ93: =0 -> 0 | AK93: =AI93+AJ93 -> 0
AI94: =0 -> 0 | AJ94: =0 -> 0 | AK94: =AI94+AJ94 -> 0
AI95: =0 -> 0 | AJ95: =0 -> 0 | AK95: =AI95+AJ95 -> 0
... AI126: =0 -> 0 | AJ126: =0 -> 0 | AK126: =AI126+AJ126 -> 0
AJ127: =SUM(AJ75:AJ126) -> 0 | AK127: =SUM(AK75:AK126) -> 0

Sheet T8
A1: Px GCCK | D1: BẢNG CHẤM CÔNG THÁNG - THÁNG 8/2026 | AI1: Tổng công ca | AJ1: Tổng công TC | AK1: ∑
D2: 46235
A3: STT | B3: Họ tên | D3: 46235 | E3: 46236 | F3: =+E3+1 -> 46237 | G3: =+F3+1 -> 46238 | H3: =+G3+1 -> 46239 | I3: =+H3+1 -> 46240 | J3: =+I3+1 -> 46241 | K3: =+J3+1 -> 46242 | L3: =+K3+1 -> 46243 | M3: =+L3+1 -> 46244 | ... AH3: =+AG3+1 -> 46265
A4: 1 | B4: Nguyễn Trung Đông | C4: TC | D4: 2 | G4: 2 | J4: 2 | K4: 2 | AI4: =0 -> 0 | AJ4: =SUM(D4:AH4)/8 -> 1 | AK4: =AI4+AJ4 -> 1
C5: C1 | D5: x | E5: x | F5: x | G5: x | AI5: =COUNTIF(D5:AH5,"x")+COUNTIF(D5:AH5,"x-0,25")+COUNTIF(D5:AH5,"x-0,50")+COUNTIF(D5:AH5,"x-0.75")+COUNTIF(D5:AH5,"x-1")+COUNTIF(D5:AH5,"x-1,25")+COUNTIF(D5:AH5,"x-1,5")+COUNTIF(D5:AH5,"x-1,55")+COUNTIF(D5:AH5,"x-2")+COUNTIF(D5:AH5,"x/2")/2 -> 4 | AJ5: =0 -> 0 | AK5: =AI5+AJ5 -> 4
C6: C2 | H6: x | I6: 0 | J6: x | K6: x | T6: x | U6: x | V6: x | AI6: =COUNTIF(D6:AH6,"x")+COUNTIF(D6:AH6,"x-0,25")+COUNTIF(D6:AH6,"x-0,50")+COUNTIF(D6:AH6,"x-0.75")+COUNTIF(D6:AH6,"x-1")+COUNTIF(D6:AH6,"x-1,25")+COUNTIF(D6:AH6,"x-1,5")+COUNTIF(D6:AH6,"x-1,55")+COUNTIF(D6:AH6,"x-2")+COUNTIF(D6:AH6,"x/2")/2 -> 6 | AJ6: =0 -> 0 | AK6: =AI6+AJ6 -> 6
C7: C3 | L7: x | M7: x | N7: x | O7: x | P7: x | Q7: x | R7: x | AI7: =COUNTIF(D7:AH7,"x")+COUNTIF(D7:AH7,"x-0,25")+COUNTIF(D7:AH7,"x-0,50")+COUNTIF(D7:AH7,"x-0.75")+COUNTIF(D7:AH7,"x-1")+COUNTIF(D7:AH7,"x-1,25")+COUNTIF(D7:AH7,"x-1,5")+COUNTIF(D7:AH7,"x-1,55")+COUNTIF(D7:AH7,"x-2")+COUNTIF(D7:AH7,"x/2")/2 -> 7 | AJ7: =0 -> 0 | AK7: =AI7+AJ7 -> 7
AI8: ="" | AJ8: ="" | AK8: =""
A9: 2 | B9: Trần Văn Dũng | C9: TC | D9: 2 | G9: 2 | I9: 2 | J9: 2 | K9: 2 | M9: 2 | N9: 2 | O9: 2 | P9: 2 | Q9: 2 | R9: 2 | T9: 2 | U9: 2 | V9: 2 | AI9: =0 -> 0 | AJ9: =SUM(D9:AH9)/8 -> 3.5 | AK9: =AI9+AJ9 -> 3.5
C10: C1 | L10: x | M10: x | N10: x | O10: x | P10: x | Q10: x | R10: x | AI10: =COUNTIF(D10:AH10,"x")+COUNTIF(D10:AH10,"x-0,25")+COUNTIF(D10:AH10,"x-0,50")+COUNTIF(D10:AH10,"x-0.75")+COUNTIF(D10:AH10,"x-1")+COUNTIF(D10:AH10,"x-1,25")+COUNTIF(D10:AH10,"x-1,5")+COUNTIF(D10:AH10,"x-1,55")+COUNTIF(D10:AH10,"x-2")+COUNTIF(D10:AH10,"x/2")/2 -> 7 | AJ10: =0 -> 0 | AK10: =AI10+AJ10 -> 7
C11: C2 | E11: x | F11: x | G11: x | H11: x | I11: x | J11: x | K11: x | AI11: =COUNTIF(D11:AH11,"x")+COUNTIF(D11:AH11,"x-0,25")+COUNTIF(D11:AH11,"x-0,50")+COUNTIF(D11:AH11,"x-0.75")+COUNTIF(D11:AH11,"x-1")+COUNTIF(D11:AH11,"x-1,25")+COUNTIF(D11:AH11,"x-1,5")+COUNTIF(D11:AH11,"x-1,55")+COUNTIF(D11:AH11,"x-2")+COUNTIF(D11:AH11,"x/2")/2 -> 7 | AJ11: =0 -> 0 | AK11: =AI11+AJ11 -> 7
C12: C3 | D12: x | S12: x | T12: x | U12: x | V12: x | AI12: =COUNTIF(D12:AH12,"x")+COUNTIF(D12:AH12,"x-0,25")+COUNTIF(D12:AH12,"x-0,50")+COUNTIF(D12:AH12,"x-0.75")+COUNTIF(D12:AH12,"x-1")+COUNTIF(D12:AH12,"x-1,25")+COUNTIF(D12:AH12,"x-1,5")+COUNTIF(D12:AH12,"x-1,55")+COUNTIF(D12:AH12,"x-2")+COUNTIF(D12:AH12,"x/2")/2 -> 5 | AJ12: =0 -> 0 | AK12: =AI12+AJ12 -> 5
AI13: ="" | AJ13: ="" | AK13: =""
A14: 3 | B14: Hoàng Ngọc Hà | C14: TC | K14: 1 | AI14: =0 -> 0 | AJ14: =SUM(D14:AH14)/8 -> 0.125 | AK14: =AI14+AJ14 -> 0.125
C15: C1 | D15: x | E15: x/2 | F15: x | G15: x | H15: x | I15: x | J15: x | K15: x | L15: x | M15: x | N15: x | O15: x | P15: x | Q15: x | R15: x | S15: x | T15: x | U15: x | V15: x | AI15: =COUNTIF(D15:AH15,"x")+COUNTIF(D15:AH15,"x-0,25")+COUNTIF(D15:AH15,"x-0,50")+COUNTIF(D15:AH15,"x-0.75")+COUNTIF(D15:AH15,"x-1")+COUNTIF(D15:AH15,"x-1,25")+COUNTIF(D15:AH15,"x-1,5")+COUNTIF(D15:AH15,"x-1,55")+COUNTIF(D15:AH15,"x-2")+COUNTIF(D15:AH15,"x/2")/2 -> 18.5 | AJ15: =0 -> 0 | AK15: =AI15+AJ15 -> 18.5
C16: C2 | AI16: =COUNTIF(D16:AH16,"x")+COUNTIF(D16:AH16,"x-0,25")+COUNTIF(D16:AH16,"x-0,50")+COUNTIF(D16:AH16,"x-0.75")+COUNTIF(D16:AH16,"x-1")+COUNTIF(D16:AH16,"x-1,25")+COUNTIF(D16:AH16,"x-1,5")+COUNTIF(D16:AH16,"x-1,55")+COUNTIF(D16:AH16,"x-2")+COUNTIF(D16:AH16,"x/2")/2 -> 0 | AJ16: =0 -> 0 | AK16: =AI16+AJ16 -> 0
C17: C3 | AI17: =COUNTIF(D17:AH17,"x")+COUNTIF(D17:AH17,"x-0,25")+COUNTIF(D17:AH17,"x-0,50")+COUNTIF(D17:AH17,"x-0.75")+COUNTIF(D17:AH17,"x-1")+COUNTIF(D17:AH17,"x-1,25")+COUNTIF(D17:AH17,"x-1,5")+COUNTIF(D17:AH17,"x-1,55")+COUNTIF(D17:AH17,"x-2")+COUNTIF(D17:AH17,"x/2")/2 -> 0 | AJ17: =0 -> 0 | AK17: =AI17+AJ17 -> 0
AI18: ="" | AJ18: ="" | AK18: =""
A19: 4 | B19: Phùng Đình Hùng | C19: TC | AI19: =0 -> 0 | AJ19: =SUM(D19:AH19)/8 -> 0 | AK19: =AI19+AJ19 -> 0
C20: C1 | E20: x | F20: x | G20: x | I20: x | J20: x | K20: x | M20: x | N20: x | O20: x | P20: x | Q20: 0 | R20: x | AI20: =COUNTIF(D20:AH20,"x")+COUNTIF(D20:AH20,"x-0,25")+COUNTIF(D20:AH20,"x-0,50")+COUNTIF(D20:AH20,"x-0.75")+COUNTIF(D20:AH20,"x-1")+COUNTIF(D20:AH20,"x-1,25")+COUNTIF(D20:AH20,"x-1,5")+COUNTIF(D20:AH20,"x-1,55")+COUNTIF(D20:AH20,"x-2")+COUNTIF(D20:AH20,"x/2")/2 -> 11 | AJ20: =0 -> 0 | AK20: =AI20+AJ20 -> 11
C21: C2 | D21: x | H21: x | T21: x | U21: x | V21: 0 | AI21: =COUNTIF(D21:AH21,"x")+COUNTIF(D21:AH21,"x-0,25")+COUNTIF(D21:AH21,"x-0,50")+COUNTIF(D21:AH21,"x-0.75")+COUNTIF(D21:AH21,"x-1")+COUNTIF(D21:AH21,"x-1,25")+COUNTIF(D21:AH21,"x-1,5")+COUNTIF(D21:AH21,"x-1,55")+COUNTIF(D21:AH21,"x-2")+COUNTIF(D21:AH21,"x/2")/2 -> 4 | AJ21: =0 -> 0 | AK21: =AI21+AJ21 -> 4
C22: C3 | AI22: =COUNTIF(D22:AH22,"x")+COUNTIF(D22:AH22,"x-0,25")+COUNTIF(D22:AH22,"x-0,50")+COUNTIF(D22:AH22,"x-0.75")+COUNTIF(D22:AH22,"x-1")+COUNTIF(D22:AH22,"x-1,25")+COUNTIF(D22:AH22,"x-1,5")+COUNTIF(D22:AH22,"x-1,55")+COUNTIF(D22:AH22,"x-2")+COUNTIF(D22:AH22,"x/2")/2 -> 0 | AJ22: =0 -> 0 | AK22: =AI22+AJ22 -> 0
AI23: ="" | AJ23: ="" | AK23: =""
A24: 5 | B24: Đặng Ngọc Long | C24: TC | G24: 2 | H24: 2 | I24: 2 | J24: 2 | K24: 2 | M24: 2 | N24: 2 | O24: 2 | P24: 2 | Q24: 2 | R24: 2 | U24: 2 | V24: 2 | AI24: =0 -> 0 | AJ24: =SUM(D24:AH24)/8 -> 3.25 | AK24: =AI24+AJ24 -> 3.25
C25: C1 | AI25: =COUNTIF(D25:AH25,"x")+COUNTIF(D25:AH25,"x-0,25")+COUNTIF(D25:AH25,"x-0,50")+COUNTIF(D25:AH25,"x-0.75")+COUNTIF(D25:AH25,"x-1")+COUNTIF(D25:AH25,"x-1,25")+COUNTIF(D25:AH25,"x-1,5")+COUNTIF(D25:AH25,"x-1,55")+COUNTIF(D25:AH25,"x-2")+COUNTIF(D25:AH25,"x/2")/2 -> 0 | AJ25: =0 -> 0 | AK25: =AI25+AJ25 -> 0
C26: C2 | D26: x | F26: x | G26: x | H26: x | I26: x | J26: x | K26: x | L26: x | M26: x | N26: x | O26: x | P26: x | Q26: x | R26: x | S26: x | T26: x | U26: x | V26: x | AI26: =COUNTIF(D26:AH26,"x")+COUNTIF(D26:AH26,"x-0,25")+COUNTIF(D26:AH26,"x-0,50")+COUNTIF(D26:AH26,"x-0.75")+COUNTIF(D26:AH26,"x-1")+COUNTIF(D26:AH26,"x-1,25")+COUNTIF(D26:AH26,"x-1,5")+COUNTIF(D26:AH26,"x-1,55")+COUNTIF(D26:AH26,"x-2")+COUNTIF(D26:AH26,"x/2")/2 -> 18 | AJ26: =0 -> 0 | AK26: =AI26+AJ26 -> 18
C27: C3 | AI27: =COUNTIF(D27:AH27,"x")+COUNTIF(D27:AH27,"x-0,25")+COUNTIF(D27:AH27,"x-0,50")+COUNTIF(D27:AH27,"x-0.75")+COUNTIF(D27:AH27,"x-1")+COUNTIF(D27:AH27,"x-1,25")+COUNTIF(D27:AH27,"x-1,5")+COUNTIF(D27:AH27,"x-1,55")+COUNTIF(D27:AH27,"x-2")+COUNTIF(D27:AH27,"x/2")/2 -> 0 | AJ27: =0 -> 0 | AK27: =AI27+AJ27 -> 0
AI28: ="" | AJ28: ="" | AK28: =""
A29: 6 | B29: Trần Văn Nhận | C29: TC | D29: 2 | F29: 2 | G29: 2 | H29: 2 | I29: 2 | J29: 2 | K29: 2 | M29: 2 | N29: 2 | O29: 2 | P29: 2 | Q29: 2 | R29: 2 | T29: 2 | U29: 2 | V29: 2 | AI29: =0 -> 0 | AJ29: =SUM(D29:AH29)/8 -> 4 | AK29: =AI29+AJ29 -> 4
C30: C1 | D30: x | S30: x | T30: x | U30: x | V30: x | AI30: =COUNTIF(D30:AH30,"x")+COUNTIF(D30:AH30,"x-0,25")+COUNTIF(D30:AH30,"x-0,50")+COUNTIF(D30:AH30,"x-0.75")+COUNTIF(D30:AH30,"x-1")+COUNTIF(D30:AH30,"x-1,25")+COUNTIF(D30:AH30,"x-1,5")+COUNTIF(D30:AH30,"x-1,55")+COUNTIF(D30:AH30,"x-2")+COUNTIF(D30:AH30,"x/2")/2 -> 5 | AJ30: =0 -> 0 | AK30: =AI30+AJ30 -> 5
C31: C2 | L31: x | M31: x | N31: x | O31: x | P31: x | Q31: x | R31: x | AI31: =COUNTIF(D31:AH31,"x")+COUNTIF(D31:AH31,"x-0,25")+COUNTIF(D31:AH31,"x-0,50")+COUNTIF(D31:AH31,"x-0.75")+COUNTIF(D31:AH31,"x-1")+COUNTIF(D31:AH31,"x-1,25")+COUNTIF(D31:AH31,"x-1,5")+COUNTIF(D31:AH31,"x-1,55")+COUNTIF(D31:AH31,"x-2")+COUNTIF(D31:AH31,"x/2")/2 -> 7 | AJ31: =0 -> 0 | AK31: =AI31+AJ31 -> 7
C32: C3 | E32: x | F32: x | G32: x | H32: x | I32: x | J32: x | K32: x | AI32: =COUNTIF(D32:AH32,"x")+COUNTIF(D32:AH32,"x-0,25")+COUNTIF(D32:AH32,"x-0,50")+COUNTIF(D32:AH32,"x-0.75")+COUNTIF(D32:AH32,"x-1")+COUNTIF(D32:AH32,"x-1,25")+COUNTIF(D32:AH32,"x-1,5")+COUNTIF(D32:AH32,"x-1,55")+COUNTIF(D32:AH32,"x-2")+COUNTIF(D32:AH32,"x/2")/2 -> 7 | AJ32: =0 -> 0 | AK32: =AI32+AJ32 -> 7
AI33: ="" | AJ33: ="" | AK33: =""
A34: 7 | B34: Phùng Gia Phúc | C34: TC | F34: 2 | G34: 2 | H34: 2 | I34: 2 | J34: 2 | K34: 2 | N34: 2 | O34: 2 | P34: 2 | Q34: 2 | R34: 2 | AI34: =0 -> 0 | AJ34: =SUM(D34:AH34)/8 -> 2.75 | AK34: =AI34+AJ34 -> 2.75
C35: C1 | D35: x | S35: x | T35: x | V35: x | AI35: =COUNTIF(D35:AH35,"x")+COUNTIF(D35:AH35,"x-0,25")+COUNTIF(D35:AH35,"x-0,50")+COUNTIF(D35:AH35,"x-0.75")+COUNTIF(D35:AH35,"x-1")+COUNTIF(D35:AH35,"x-1,25")+COUNTIF(D35:AH35,"x-1,5")+COUNTIF(D35:AH35,"x-1,55")+COUNTIF(D35:AH35,"x-2")+COUNTIF(D35:AH35,"x/2")/2 -> 4 | AJ35: =0 -> 0 | AK35: =AI35+AJ35 -> 4
C36: C2 | M36: x | N36: x | O36: x | P36: x | Q36: x | R36: x | AI36: =COUNTIF(D36:AH36,"x")+COUNTIF(D36:AH36,"x-0,25")+COUNTIF(D36:AH36,"x-0,50")+COUNTIF(D36:AH36,"x-0.75")+COUNTIF(D36:AH36,"x-1")+COUNTIF(D36:AH36,"x-1,25")+COUNTIF(D36:AH36,"x-1,5")+COUNTIF(D36:AH36,"x-1,55")+COUNTIF(D36:AH36,"x-2")+COUNTIF(D36:AH36,"x/2")/2 -> 6 | AJ36: =0 -> 0 | AK36: =AI36+AJ36 -> 6
C37: C3 | F37: x | G37: x | H37: x | I37: x | J37: x | K37: x | AI37: =COUNTIF(D37:AH37,"x")+COUNTIF(D37:AH37,"x-0,25")+COUNTIF(D37:AH37,"x-0,50")+COUNTIF(D37:AH37,"x-0.75")+COUNTIF(D37:AH37,"x-1")+COUNTIF(D37:AH37,"x-1,25")+COUNTIF(D37:AH37,"x-1,5")+COUNTIF(D37:AH37,"x-1,55")+COUNTIF(D37:AH37,"x-2")+COUNTIF(D37:AH37,"x/2")/2 -> 6 | AJ37: =0 -> 0 | AK37: =AI37+AJ37 -> 6
AI38: ="" | AJ38: ="" | AK38: =""
A39: 8 | B39: Trần Văn Quỳnh | C39: TC | T39: 2 | U39: 2 | AI39: =0 -> 0 | AJ39: =SUM(D39:AH39)/8 -> 0.5 | AK39: =AI39+AJ39 -> 0.5
C40: C1 | D40: x | E40: x | F40: x | G40: x | H40: x | I40: x | J40: x | K40: x | S40: x | AI40: =COUNTIF(D40:AH40,"x")+COUNTIF(D40:AH40,"x-0,25")+COUNTIF(D40:AH40,"x-0,50")+COUNTIF(D40:AH40,"x-0.75")+COUNTIF(D40:AH40,"x-1")+COUNTIF(D40:AH40,"x-1,25")+COUNTIF(D40:AH40,"x-1,5")+COUNTIF(D40:AH40,"x-1,55")+COUNTIF(D40:AH40,"x-2")+COUNTIF(D40:AH40,"x/2")/2 -> 9 | AJ40: =0 -> 0 | AK40: =AI40+AJ40 -> 9
C41: C2 | M41: x | N41: x | O41: x | P41: x | Q41: x | R41: x | T41: x | U41: x | V41: x | AI41: =COUNTIF(D41:AH41,"x")+COUNTIF(D41:AH41,"x-0,25")+COUNTIF(D41:AH41,"x-0,50")+COUNTIF(D41:AH41,"x-0.75")+COUNTIF(D41:AH41,"x-1")+COUNTIF(D41:AH41,"x-1,25")+COUNTIF(D41:AH41,"x-1,5")+COUNTIF(D41:AH41,"x-1,55")+COUNTIF(D41:AH41,"x-2")+COUNTIF(D41:AH41,"x/2")/2 -> 9 | AJ41: =0 -> 0 | AK41: =AI41+AJ41 -> 9
C42: C3 | AI42: =COUNTIF(D42:AH42,"x")+COUNTIF(D42:AH42,"x-0,25")+COUNTIF(D42:AH42,"x-0,50")+COUNTIF(D42:AH42,"x-0.75")+COUNTIF(D42:AH42,"x-1")+COUNTIF(D42:AH42,"x-1,25")+COUNTIF(D42:AH42,"x-1,5")+COUNTIF(D42:AH42,"x-1,55")+COUNTIF(D42:AH42,"x-2")+COUNTIF(D42:AH42,"x/2")/2 -> 0 | AJ42: =0 -> 0 | AK42: =AI42+AJ42 -> 0
AI43: ="" | AJ43: ="" | AK43: =""
A44: 9 | B44: Phạm Ngọc Sam | C44: TC | D44: 2 | F44: 2 | G44: 2 | H44: 2 | I44: 2 | J44: 2 | K44: 2 | T44: 2 | U44: 2 | V44: 2 | AI44: =0 -> 0 | AJ44: =SUM(D44:AH44)/8 -> 2.5 | AK44: =AI44+AJ44 -> 2.5
C45: C1 | D45: x | S45: x | T45: x | U45: x | V45: x | AI45: =COUNTIF(D45:AH45,"x")+COUNTIF(D45:AH45,"x-0,25")+COUNTIF(D45:AH45,"x-0,50")+COUNTIF(D45:AH45,"x-0.75")+COUNTIF(D45:AH45,"x-1")+COUNTIF(D45:AH45,"x-1,25")+COUNTIF(D45:AH45,"x-1,5")+COUNTIF(D45:AH45,"x-1,55")+COUNTIF(D45:AH45,"x-2")+COUNTIF(D45:AH45,"x/2")/2 -> 5 | AJ45: =0 -> 0 | AK45: =AI45+AJ45 -> 5
C46: C2 | M46: x | N46: x | O46: x | P46: x | R46: x | AI46: =COUNTIF(D46:AH46,"x")+COUNTIF(D46:AH46,"x-0,25")+COUNTIF(D46:AH46,"x-0,50")+COUNTIF(D46:AH46,"x-0.75")+COUNTIF(D46:AH46,"x-1")+COUNTIF(D46:AH46,"x-1,25")+COUNTIF(D46:AH46,"x-1,5")+COUNTIF(D46:AH46,"x-1,55")+COUNTIF(D46:AH46,"x-2")+COUNTIF(D46:AH46,"x/2")/2 -> 5 | AJ46: =0 -> 0 | AK46: =AI46+AJ46 -> 5
C47: C3 | E47: x | F47: x | G47: x | H47: x | I47: x | J47: x | K47: x | Q47: x | AI47: =COUNTIF(D47:AH47,"x")+COUNTIF(D47:AH47,"x-0,25")+COUNTIF(D47:AH47,"x-0,50")+COUNTIF(D47:AH47,"x-0.75")+COUNTIF(D47:AH47,"x-1")+COUNTIF(D47:AH47,"x-1,25")+COUNTIF(D47:AH47,"x-1,5")+COUNTIF(D47:AH47,"x-1,55")+COUNTIF(D47:AH47,"x-2")+COUNTIF(D47:AH47,"x/2")/2 -> 8 | AJ47: =0 -> 0 | AK47: =AI47+AJ47 -> 8
AI48: ="" | AJ48: ="" | AK48: =""
A49: 10 | B49: Phùng Công Thắng | C49: TC | D49: 2 | F49: 2 | G49: 2 | H49: 2 | I49: 2 | J49: 2 | N49: 2 | O49: 2 | Q49: 2 | T49: 2 | U49: 2 | V49: 2 | AI49: =0 -> 0 | AJ49: =SUM(D49:AH49)/8 -> 3 | AK49: =AI49+AJ49 -> 3
C50: C1 | E50: x | F50: x | G50: x | H50: x | I50: x | J50: x | AI50: =COUNTIF(D50:AH50,"x")+COUNTIF(D50:AH50,"x-0,25")+COUNTIF(D50:AH50,"x-0,50")+COUNTIF(D50:AH50,"x-0.75")+COUNTIF(D50:AH50,"x-1")+COUNTIF(D50:AH50,"x-1,25")+COUNTIF(D50:AH50,"x-1,5")+COUNTIF(D50:AH50,"x-1,55")+COUNTIF(D50:AH50,"x-2")+COUNTIF(D50:AH50,"x/2")/2 -> 6 | AJ50: =0 -> 0 | AK50: =AI50+AJ50 -> 6
C51: C2 | D51: x | S51: x | T51: x | U51: x | V51: x | AI51: =COUNTIF(D51:AH51,"x")+COUNTIF(D51:AH51,"x-0,25")+COUNTIF(D51:AH51,"x-0,50")+COUNTIF(D51:AH51,"x-0.75")+COUNTIF(D51:AH51,"x-1")+COUNTIF(D51:AH51,"x-1,25")+COUNTIF(D51:AH51,"x-1,5")+COUNTIF(D51:AH51,"x-1,55")+COUNTIF(D51:AH51,"x-2")+COUNTIF(D51:AH51,"x/2")/2 -> 5 | AJ51: =0 -> 0 | AK51: =AI51+AJ51 -> 5
C52: C3 | L52: x | M52: x | N52: x | O52: x | P52: x | Q52: x | R52: x | AI52: =COUNTIF(D52:AH52,"x")+COUNTIF(D52:AH52,"x-0,25")+COUNTIF(D52:AH52,"x-0,50")+COUNTIF(D52:AH52,"x-0.75")+COUNTIF(D52:AH52,"x-1")+COUNTIF(D52:AH52,"x-1,25")+COUNTIF(D52:AH52,"x-1,5")+COUNTIF(D52:AH52,"x-1,55")+COUNTIF(D52:AH52,"x-2")+COUNTIF(D52:AH52,"x/2")/2 -> 7 | AJ52: =0 -> 0 | AK52: =AI52+AJ52 -> 7
AI53: ="" | AJ53: ="" | AK53: =""
A54: 11 | B54: Nguyễn Văn Thanh | C54: TC | D54: 2 | G54: 2 | H54: 2 | I54: 2 | J54: 2 | K54: 2 | M54: 2 | N54: 2 | O54: 2 | P54: 2 | Q54: 2 | R54: 2 | T54: 2 | U54: 2 | V54: 2 | AI54: =0 -> 0 | AJ54: =SUM(D54:AH54)/8 -> 3.75 | AK54: =AI54+AJ54 -> 3.75
C55: C1 | M55: x | N55: x | O55: x | P55: x | Q55: x | R55: x | AI55: =COUNTIF(D55:AH55,"x")+COUNTIF(D55:AH55,"x-0,25")+COUNTIF(D55:AH55,"x-0,50")+COUNTIF(D55:AH55,"x-0.75")+COUNTIF(D55:AH55,"x-1")+COUNTIF(D55:AH55,"x-1,25")+COUNTIF(D55:AH55,"x-1,5")+COUNTIF(D55:AH55,"x-1,55")+COUNTIF(D55:AH55,"x-2")+COUNTIF(D55:AH55,"x/2")/2 -> 6 | AJ55: =0 -> 0 | AK55: =AI55+AJ55 -> 6
C56: C2 | E56: x | F56: x | G56: x | H56: x | I56: x | J56: x | K56: x | AI56: =COUNTIF(D56:AH56,"x")+COUNTIF(D56:AH56,"x-0,25")+COUNTIF(D56:AH56,"x-0,50")+COUNTIF(D56:AH56,"x-0.75")+COUNTIF(D56:AH56,"x-1")+COUNTIF(D56:AH56,"x-1,25")+COUNTIF(D56:AH56,"x-1,5")+COUNTIF(D56:AH56,"x-1,55")+COUNTIF(D56:AH56,"x-2")+COUNTIF(D56:AH56,"x/2")/2 -> 7 | AJ56: =0 -> 0 | AK56: =AI56+AJ56 -> 7
C57: C3 | D57: x | S57: x | T57: x | U57: x | V57: x | AI57: =COUNTIF(D57:AH57,"x")+COUNTIF(D57:AH57,"x-0,25")+COUNTIF(D57:AH57,"x-0,50")+COUNTIF(D57:AH57,"x-0.75")+COUNTIF(D57:AH57,"x-1")+COUNTIF(D57:AH57,"x-1,25")+COUNTIF(D57:AH57,"x-1,5")+COUNTIF(D57:AH57,"x-1,55")+COUNTIF(D57:AH57,"x-2")+COUNTIF(D57:AH57,"x/2")/2 -> 5 | AJ57: =0 -> 0 | AK57: =AI57+AJ57 -> 5
AI58: ="" | AJ58: ="" | AK58: =""
A59: 12 | B59: Vũ Tiến Thuận | C59: TC | G59: 2 | N59: 2 | P59: 2 | Q59: 2 | R59: 2 | AI59: =0 -> 0 | AJ59: =SUM(D59:AH59)/8 -> 1.25 | AK59: =AI59+AJ59 -> 1.25
C60: C1 | H60: x | I60: x | J60: x | K60: x/2 | L60: x | M60: x | P60: x | Q60: x | R60: x | AI60: =COUNTIF(D60:AH60,"x")+COUNTIF(D60:AH60,"x-0,25")+COUNTIF(D60:AH60,"x-0,50")+COUNTIF(D60:AH60,"x-0.75")+COUNTIF(D60:AH60,"x-1")+COUNTIF(D60:AH60,"x-1,25")+COUNTIF(D60:AH60,"x-1,5")+COUNTIF(D60:AH60,"x-1,55")+COUNTIF(D60:AH60,"x-2")+COUNTIF(D60:AH60,"x/2")/2 -> 8.5 | AJ60: =0 -> 0 | AK60: =AI60+AJ60 -> 8.5
C61: C2 | F61: x | G61: x | N61: x | O61: x | AI61: =COUNTIF(D61:AH61,"x")+COUNTIF(D61:AH61,"x-0,25")+COUNTIF(D61:AH61,"x-0,50")+COUNTIF(D61:AH61,"x-0.75")+COUNTIF(D61:AH61,"x-1")+COUNTIF(D61:AH61,"x-1,25")+COUNTIF(D61:AH61,"x-1,5")+COUNTIF(D61:AH61,"x-1,55")+COUNTIF(D61:AH61,"x-2")+COUNTIF(D61:AH61,"x/2")/2 -> 4 | AJ61: =0 -> 0 | AK61: =AI61+AJ61 -> 4
C62: C3 | D62: x | S62: x | T62: x | U62: x | V62: x | AI62: =COUNTIF(D62:AH62,"x")+COUNTIF(D62:AH62,"x-0,25")+COUNTIF(D62:AH62,"x-0,50")+COUNTIF(D62:AH62,"x-0.75")+COUNTIF(D62:AH62,"x-1")+COUNTIF(D62:AH62,"x-1,25")+COUNTIF(D62:AH62,"x-1,5")+COUNTIF(D62:AH62,"x-1,55")+COUNTIF(D62:AH62,"x-2")+COUNTIF(D62:AH62,"x/2")/2 -> 5 | AJ62: =0 -> 0 | AK62: =AI62+AJ62 -> 5
AI63: ="" | AJ63: ="" | AK63: =""
A64: 13 | B64: Phạm Văn Tráng | C64: TC | D64: 2 | G64: 2 | H64: 2 | I64: 2 | J64: 2 | K64: 2 | M64: 2 | N64: 2 | O64: 2 | P64: 2 | Q64: 2 | R64: 2 | T64: 2 | U64: 2 | AI64: =0 -> 0 | AJ64: =SUM(D64:AH64)/8 -> 3.5 | AK64: =AI64+AJ64 -> 3.5
C65: C1 | E65: x | F65: x | G65: x | H65: x | I65: x | J65: x | K65: x | AI65: =COUNTIF(D65:AH65,"x")+COUNTIF(D65:AH65,"x-0,25")+COUNTIF(D65:AH65,"x-0,50")+COUNTIF(D65:AH65,"x-0.75")+COUNTIF(D65:AH65,"x-1")+COUNTIF(D65:AH65,"x-1,25")+COUNTIF(D65:AH65,"x-1,5")+COUNTIF(D65:AH65,"x-1,55")+COUNTIF(D65:AH65,"x-2")+COUNTIF(D65:AH65,"x/2")/2 -> 7 | AJ65: =0 -> 0 | AK65: =AI65+AJ65 -> 7
C66: C2 | D66: x | S66: x | T66: x | U66: x | V66: x | AI66: =COUNTIF(D66:AH66,"x")+COUNTIF(D66:AH66,"x-0,25")+COUNTIF(D66:AH66,"x-0,50")+COUNTIF(D66:AH66,"x-0.75")+COUNTIF(D66:AH66,"x-1")+COUNTIF(D66:AH66,"x-1,25")+COUNTIF(D66:AH66,"x-1,5")+COUNTIF(D66:AH66,"x-1,55")+COUNTIF(D66:AH66,"x-2")+COUNTIF(D66:AH66,"x/2")/2 -> 5 | AJ66: =0 -> 0 | AK66: =AI66+AJ66 -> 5
C67: C3 | M67: x | N67: x | O67: x | P67: x | Q67: x | R67: x | AI67: =COUNTIF(D67:AH67,"x")+COUNTIF(D67:AH67,"x-0,25")+COUNTIF(D67:AH67,"x-0,50")+COUNTIF(D67:AH67,"x-0.75")+COUNTIF(D67:AH67,"x-1")+COUNTIF(D67:AH67,"x-1,25")+COUNTIF(D67:AH67,"x-1,5")+COUNTIF(D67:AH67,"x-1,55")+COUNTIF(D67:AH67,"x-2")+COUNTIF(D67:AH67,"x/2")/2 -> 6 | AJ67: =0 -> 0 | AK67: =AI67+AJ67 -> 6
A68: Note: | B68: HC: Hành chính (ĐVT: Ca) | AH68: ∑ | AI68: ="" | AJ68: ="" | AK68: =""
F74: =+E74+1 -> 1 | G74: =+F74+1 -> 2 | H74: =+G74+1 -> 3 | I74: =+H74+1 -> 4 | J74: =+I74+1 -> 5 | K74: =+J74+1 -> 6 | L74: =+K74+1 -> 7 | M74: =+L74+1 -> 8 | ... AH74: =+AG74+1 -> 29
AI75: =0 -> 0 | AJ75: =SUM(D75:AH75)/8 -> 0 | AK75: =AI75+AJ75 -> 0
AI76: =0 -> 0 | AJ76: =SUM(D76:AH76)/8 -> 0 | AK76: =AI76+AJ76 -> 0
AI77: =0 -> 0 | AJ77: =SUM(D77:AH77)/8 -> 0 | AK77: =AI77+AJ77 -> 0
AI78: =0 -> 0 | AJ78: =SUM(D78:AH78)/8 -> 0 | AK78: =AI78+AJ78 -> 0
AI79: =0 -> 0 | AJ79: =SUM(D79:AH79)/8 -> 0 | AK79: =AI79+AJ79 -> 0
AI80: =0 -> 0 | AJ80: =SUM(D80:AH80)/8 -> 0 | AK80: =AI80+AJ80 -> 0
AI81: =0 -> 0 | AJ81: =SUM(D81:AH81)/8 -> 0 | AK81: =AI81+AJ81 -> 0
AI82: =0 -> 0 | AJ82: =SUM(D82:AH82)/8 -> 0 | AK82: =AI82+AJ82 -> 0
AI83: =0 -> 0 | AK83: =AI83+AJ83 -> 0
AI84: =0 -> 0 | AJ84: =0 -> 0 | AK84: =AI84+AJ84 -> 0
AI85: =0 -> 0 | AJ85: =0 -> 0 | AK85: =AI85+AJ85 -> 0
AI86: =0 -> 0 | AJ86: =0 -> 0 | AK86: =AI86+AJ86 -> 0
AI87: =0 -> 0 | AJ87: =0 -> 0 | AK87: =AI87+AJ87 -> 0
AI88: =0 -> 0 | AJ88: =0 -> 0 | AK88: =AI88+AJ88 -> 0
AI89: =0 -> 0 | AJ89: =0 -> 0 | AK89: =AI89+AJ89 -> 0
AI90: =0 -> 0 | AJ90: =0 -> 0 | AK90: =AI90+AJ90 -> 0
AI91: =0 -> 0 | AJ91: =0 -> 0 | AK91: =AI91+AJ91 -> 0
AI92: =0 -> 0 | AJ92: =0 -> 0 | AK92: =AI92+AJ92 -> 0
AI93: =0 -> 0 | AJ93: =0 -> 0 | AK93: =AI93+AJ93 -> 0
AI94: =0 -> 0 | AJ94: =0 -> 0 | AK94: =AI94+AJ94 -> 0
AI95: =0 -> 0 | AJ95: =0 -> 0 | AK95: =AI95+AJ95 -> 0
... AI126: =0 -> 0 | AJ126: =0 -> 0 | AK126: =AI126+AJ126 -> 0
AJ127: =SUM(AJ75:AJ126) -> 0 | AK127: =SUM(AK75:AK126) -> 0

Sheet T9
A1: Px GCCK | D1: BẢNG CHẤM CÔNG THÁNG - THÁNG 9/2026 | AI1: Tổng công ca | AJ1: Tổng công TC | AK1: ∑
D2: 46266
A3: STT | B3: Họ tên | D3: 46266 | E3: 46267 | F3: =+E3+1 -> 46268 | G3: =+F3+1 -> 46269 | H3: =+G3+1 -> 46270 | I3: =+H3+1 -> 46271 | J3: =+I3+1 -> 46272 | K3: =+J3+1 -> 46273 | L3: =+K3+1 -> 46274 | M3: =+L3+1 -> 46275 | ... AH3: =+AG3+1 -> 46296
A4: 1 | B4: Nguyễn Trung Đông | C4: TC | AI4: =0 -> 0 | AJ4: =SUM(D4:AH4)/8 -> 0 | AK4: =AI4+AJ4 -> 0
C5: C1 | AI5: =COUNTIF(D5:AH5,"x")+COUNTIF(D5:AH5,"x-0,25")+COUNTIF(D5:AH5,"x-0,50")+COUNTIF(D5:AH5,"x-0.75")+COUNTIF(D5:AH5,"x-1")+COUNTIF(D5:AH5,"x-1,25")+COUNTIF(D5:AH5,"x-1,5")+COUNTIF(D5:AH5,"x-1,55")+COUNTIF(D5:AH5,"x-2")+COUNTIF(D5:AH5,"x/2")/2 -> 0 | AJ5: =0 -> 0 | AK5: =AI5+AJ5 -> 0
C6: C2 | AI6: =COUNTIF(D6:AH6,"x")+COUNTIF(D6:AH6,"x-0,25")+COUNTIF(D6:AH6,"x-0,50")+COUNTIF(D6:AH6,"x-0.75")+COUNTIF(D6:AH6,"x-1")+COUNTIF(D6:AH6,"x-1,25")+COUNTIF(D6:AH6,"x-1,5")+COUNTIF(D6:AH6,"x-1,55")+COUNTIF(D6:AH6,"x-2")+COUNTIF(D6:AH6,"x/2")/2 -> 0 | AJ6: =0 -> 0 | AK6: =AI6+AJ6 -> 0
C7: C3 | AI7: =COUNTIF(D7:AH7,"x")+COUNTIF(D7:AH7,"x-0,25")+COUNTIF(D7:AH7,"x-0,50")+COUNTIF(D7:AH7,"x-0.75")+COUNTIF(D7:AH7,"x-1")+COUNTIF(D7:AH7,"x-1,25")+COUNTIF(D7:AH7,"x-1,5")+COUNTIF(D7:AH7,"x-1,55")+COUNTIF(D7:AH7,"x-2")+COUNTIF(D7:AH7,"x/2")/2 -> 0 | AJ7: =0 -> 0 | AK7: =AI7+AJ7 -> 0
AI8: ="" | AJ8: ="" | AK8: =""
A9: 2 | B9: Trần Văn Dũng | C9: TC | AI9: =0 -> 0 | AJ9: =SUM(D9:AH9)/8 -> 0 | AK9: =AI9+AJ9 -> 0
C10: C1 | AI10: =COUNTIF(D10:AH10,"x")+COUNTIF(D10:AH10,"x-0,25")+COUNTIF(D10:AH10,"x-0,50")+COUNTIF(D10:AH10,"x-0.75")+COUNTIF(D10:AH10,"x-1")+COUNTIF(D10:AH10,"x-1,25")+COUNTIF(D10:AH10,"x-1,5")+COUNTIF(D10:AH10,"x-1,55")+COUNTIF(D10:AH10,"x-2")+COUNTIF(D10:AH10,"x/2")/2 -> 0 | AJ10: =0 -> 0 | AK10: =AI10+AJ10 -> 0
C11: C2 | AI11: =COUNTIF(D11:AH11,"x")+COUNTIF(D11:AH11,"x-0,25")+COUNTIF(D11:AH11,"x-0,50")+COUNTIF(D11:AH11,"x-0.75")+COUNTIF(D11:AH11,"x-1")+COUNTIF(D11:AH11,"x-1,25")+COUNTIF(D11:AH11,"x-1,5")+COUNTIF(D11:AH11,"x-1,55")+COUNTIF(D11:AH11,"x-2")+COUNTIF(D11:AH11,"x/2")/2 -> 0 | AJ11: =0 -> 0 | AK11: =AI11+AJ11 -> 0
C12: C3 | AI12: =COUNTIF(D12:AH12,"x")+COUNTIF(D12:AH12,"x-0,25")+COUNTIF(D12:AH12,"x-0,50")+COUNTIF(D12:AH12,"x-0.75")+COUNTIF(D12:AH12,"x-1")+COUNTIF(D12:AH12,"x-1,25")+COUNTIF(D12:AH12,"x-1,5")+COUNTIF(D12:AH12,"x-1,55")+COUNTIF(D12:AH12,"x-2")+COUNTIF(D12:AH12,"x/2")/2 -> 0 | AJ12: =0 -> 0 | AK12: =AI12+AJ12 -> 0
AI13: ="" | AJ13: ="" | AK13: =""
A14: 3 | B14: Hoàng Ngọc Hà | C14: TC | AI14: =0 -> 0 | AJ14: =SUM(D14:AH14)/8 -> 0 | AK14: =AI14+AJ14 -> 0
C15: C1 | AI15: =COUNTIF(D15:AH15,"x")+COUNTIF(D15:AH15,"x-0,25")+COUNTIF(D15:AH15,"x-0,50")+COUNTIF(D15:AH15,"x-0.75")+COUNTIF(D15:AH15,"x-1")+COUNTIF(D15:AH15,"x-1,25")+COUNTIF(D15:AH15,"x-1,5")+COUNTIF(D15:AH15,"x-1,55")+COUNTIF(D15:AH15,"x-2")+COUNTIF(D15:AH15,"x/2")/2 -> 0 | AJ15: =0 -> 0 | AK15: =AI15+AJ15 -> 0
C16: C2 | AI16: =COUNTIF(D16:AH16,"x")+COUNTIF(D16:AH16,"x-0,25")+COUNTIF(D16:AH16,"x-0,50")+COUNTIF(D16:AH16,"x-0.75")+COUNTIF(D16:AH16,"x-1")+COUNTIF(D16:AH16,"x-1,25")+COUNTIF(D16:AH16,"x-1,5")+COUNTIF(D16:AH16,"x-1,55")+COUNTIF(D16:AH16,"x-2")+COUNTIF(D16:AH16,"x/2")/2 -> 0 | AJ16: =0 -> 0 | AK16: =AI16+AJ16 -> 0
C17: C3 | AI17: =COUNTIF(D17:AH17,"x")+COUNTIF(D17:AH17,"x-0,25")+COUNTIF(D17:AH17,"x-0,50")+COUNTIF(D17:AH17,"x-0.75")+COUNTIF(D17:AH17,"x-1")+COUNTIF(D17:AH17,"x-1,25")+COUNTIF(D17:AH17,"x-1,5")+COUNTIF(D17:AH17,"x-1,55")+COUNTIF(D17:AH17,"x-2")+COUNTIF(D17:AH17,"x/2")/2 -> 0 | AJ17: =0 -> 0 | AK17: =AI17+AJ17 -> 0
AI18: ="" | AJ18: ="" | AK18: =""
A19: 4 | B19: Phùng Đình Hùng | C19: TC | AI19: =0 -> 0 | AJ19: =SUM(D19:AH19)/8 -> 0 | AK19: =AI19+AJ19 -> 0
C20: C1 | AI20: =COUNTIF(D20:AH20,"x")+COUNTIF(D20:AH20,"x-0,25")+COUNTIF(D20:AH20,"x-0,50")+COUNTIF(D20:AH20,"x-0.75")+COUNTIF(D20:AH20,"x-1")+COUNTIF(D20:AH20,"x-1,25")+COUNTIF(D20:AH20,"x-1,5")+COUNTIF(D20:AH20,"x-1,55")+COUNTIF(D20:AH20,"x-2")+COUNTIF(D20:AH20,"x/2")/2 -> 0 | AJ20: =0 -> 0 | AK20: =AI20+AJ20 -> 0
C21: C2 | AI21: =COUNTIF(D21:AH21,"x")+COUNTIF(D21:AH21,"x-0,25")+COUNTIF(D21:AH21,"x-0,50")+COUNTIF(D21:AH21,"x-0.75")+COUNTIF(D21:AH21,"x-1")+COUNTIF(D21:AH21,"x-1,25")+COUNTIF(D21:AH21,"x-1,5")+COUNTIF(D21:AH21,"x-1,55")+COUNTIF(D21:AH21,"x-2")+COUNTIF(D21:AH21,"x/2")/2 -> 0 | AJ21: =0 -> 0 | AK21: =AI21+AJ21 -> 0
C22: C3 | AI22: =COUNTIF(D22:AH22,"x")+COUNTIF(D22:AH22,"x-0,25")+COUNTIF(D22:AH22,"x-0,50")+COUNTIF(D22:AH22,"x-0.75")+COUNTIF(D22:AH22,"x-1")+COUNTIF(D22:AH22,"x-1,25")+COUNTIF(D22:AH22,"x-1,5")+COUNTIF(D22:AH22,"x-1,55")+COUNTIF(D22:AH22,"x-2")+COUNTIF(D22:AH22,"x/2")/2 -> 0 | AJ22: =0 -> 0 | AK22: =AI22+AJ22 -> 0
AI23: ="" | AJ23: ="" | AK23: =""
A24: 5 | B24: Đặng Ngọc Long | C24: TC | AI24: =0 -> 0 | AJ24: =SUM(D24:AH24)/8 -> 0 | AK24: =AI24+AJ24 -> 0
C25: C1 | AI25: =COUNTIF(D25:AH25,"x")+COUNTIF(D25:AH25,"x-0,25")+COUNTIF(D25:AH25,"x-0,50")+COUNTIF(D25:AH25,"x-0.75")+COUNTIF(D25:AH25,"x-1")+COUNTIF(D25:AH25,"x-1,25")+COUNTIF(D25:AH25,"x-1,5")+COUNTIF(D25:AH25,"x-1,55")+COUNTIF(D25:AH25,"x-2")+COUNTIF(D25:AH25,"x/2")/2 -> 0 | AJ25: =0 -> 0 | AK25: =AI25+AJ25 -> 0
C26: C2 | AI26: =COUNTIF(D26:AH26,"x")+COUNTIF(D26:AH26,"x-0,25")+COUNTIF(D26:AH26,"x-0,50")+COUNTIF(D26:AH26,"x-0.75")+COUNTIF(D26:AH26,"x-1")+COUNTIF(D26:AH26,"x-1,25")+COUNTIF(D26:AH26,"x-1,5")+COUNTIF(D26:AH26,"x-1,55")+COUNTIF(D26:AH26,"x-2")+COUNTIF(D26:AH26,"x/2")/2 -> 0 | AJ26: =0 -> 0 | AK26: =AI26+AJ26 -> 0
C27: C3 | AI27: =COUNTIF(D27:AH27,"x")+COUNTIF(D27:AH27,"x-0,25")+COUNTIF(D27:AH27,"x-0,50")+COUNTIF(D27:AH27,"x-0.75")+COUNTIF(D27:AH27,"x-1")+COUNTIF(D27:AH27,"x-1,25")+COUNTIF(D27:AH27,"x-1,5")+COUNTIF(D27:AH27,"x-1,55")+COUNTIF(D27:AH27,"x-2")+COUNTIF(D27:AH27,"x/2")/2 -> 0 | AJ27: =0 -> 0 | AK27: =AI27+AJ27 -> 0
AI28: ="" | AJ28: ="" | AK28: =""
A29: 6 | B29: Trần Văn Nhận | C29: TC | AI29: =0 -> 0 | AJ29: =SUM(D29:AH29)/8 -> 0 | AK29: =AI29+AJ29 -> 0
C30: C1 | AI30: =COUNTIF(D30:AH30,"x")+COUNTIF(D30:AH30,"x-0,25")+COUNTIF(D30:AH30,"x-0,50")+COUNTIF(D30:AH30,"x-0.75")+COUNTIF(D30:AH30,"x-1")+COUNTIF(D30:AH30,"x-1,25")+COUNTIF(D30:AH30,"x-1,5")+COUNTIF(D30:AH30,"x-1,55")+COUNTIF(D30:AH30,"x-2")+COUNTIF(D30:AH30,"x/2")/2 -> 0 | AJ30: =0 -> 0 | AK30: =AI30+AJ30 -> 0
C31: C2 | AI31: =COUNTIF(D31:AH31,"x")+COUNTIF(D31:AH31,"x-0,25")+COUNTIF(D31:AH31,"x-0,50")+COUNTIF(D31:AH31,"x-0.75")+COUNTIF(D31:AH31,"x-1")+COUNTIF(D31:AH31,"x-1,25")+COUNTIF(D31:AH31,"x-1,5")+COUNTIF(D31:AH31,"x-1,55")+COUNTIF(D31:AH31,"x-2")+COUNTIF(D31:AH31,"x/2")/2 -> 0 | AJ31: =0 -> 0 | AK31: =AI31+AJ31 -> 0
C32: C3 | AI32: =COUNTIF(D32:AH32,"x")+COUNTIF(D32:AH32,"x-0,25")+COUNTIF(D32:AH32,"x-0,50")+COUNTIF(D32:AH32,"x-0.75")+COUNTIF(D32:AH32,"x-1")+COUNTIF(D32:AH32,"x-1,25")+COUNTIF(D32:AH32,"x-1,5")+COUNTIF(D32:AH32,"x-1,55")+COUNTIF(D32:AH32,"x-2")+COUNTIF(D32:AH32,"x/2")/2 -> 0 | AJ32: =0 -> 0 | AK32: =AI32+AJ32 -> 0
AI33: ="" | AJ33: ="" | AK33: =""
A34: 7 | B34: Phùng Gia Phúc | C34: TC | AI34: =0 -> 0 | AJ34: =SUM(D34:AH34)/8 -> 0 | AK34: =AI34+AJ34 -> 0
C35: C1 | AI35: =COUNTIF(D35:AH35,"x")+COUNTIF(D35:AH35,"x-0,25")+COUNTIF(D35:AH35,"x-0,50")+COUNTIF(D35:AH35,"x-0.75")+COUNTIF(D35:AH35,"x-1")+COUNTIF(D35:AH35,"x-1,25")+COUNTIF(D35:AH35,"x-1,5")+COUNTIF(D35:AH35,"x-1,55")+COUNTIF(D35:AH35,"x-2")+COUNTIF(D35:AH35,"x/2")/2 -> 0 | AJ35: =0 -> 0 | AK35: =AI35+AJ35 -> 0
C36: C2 | AI36: =COUNTIF(D36:AH36,"x")+COUNTIF(D36:AH36,"x-0,25")+COUNTIF(D36:AH36,"x-0,50")+COUNTIF(D36:AH36,"x-0.75")+COUNTIF(D36:AH36,"x-1")+COUNTIF(D36:AH36,"x-1,25")+COUNTIF(D36:AH36,"x-1,5")+COUNTIF(D36:AH36,"x-1,55")+COUNTIF(D36:AH36,"x-2")+COUNTIF(D36:AH36,"x/2")/2 -> 0 | AJ36: =0 -> 0 | AK36: =AI36+AJ36 -> 0
C37: C3 | AI37: =COUNTIF(D37:AH37,"x")+COUNTIF(D37:AH37,"x-0,25")+COUNTIF(D37:AH37,"x-0,50")+COUNTIF(D37:AH37,"x-0.75")+COUNTIF(D37:AH37,"x-1")+COUNTIF(D37:AH37,"x-1,25")+COUNTIF(D37:AH37,"x-1,5")+COUNTIF(D37:AH37,"x-1,55")+COUNTIF(D37:AH37,"x-2")+COUNTIF(D37:AH37,"x/2")/2 -> 0 | AJ37: =0 -> 0 | AK37: =AI37+AJ37 -> 0
AI38: ="" | AJ38: ="" | AK38: =""
A39: 8 | B39: Trần Văn Quỳnh | C39: TC | AI39: =0 -> 0 | AJ39: =SUM(D39:AH39)/8 -> 0 | AK39: =AI39+AJ39 -> 0
C40: C1 | AI40: =COUNTIF(D40:AH40,"x")+COUNTIF(D40:AH40,"x-0,25")+COUNTIF(D40:AH40,"x-0,50")+COUNTIF(D40:AH40,"x-0.75")+COUNTIF(D40:AH40,"x-1")+COUNTIF(D40:AH40,"x-1,25")+COUNTIF(D40:AH40,"x-1,5")+COUNTIF(D40:AH40,"x-1,55")+COUNTIF(D40:AH40,"x-2")+COUNTIF(D40:AH40,"x/2")/2 -> 0 | AJ40: =0 -> 0 | AK40: =AI40+AJ40 -> 0
C41: C2 | AI41: =COUNTIF(D41:AH41,"x")+COUNTIF(D41:AH41,"x-0,25")+COUNTIF(D41:AH41,"x-0,50")+COUNTIF(D41:AH41,"x-0.75")+COUNTIF(D41:AH41,"x-1")+COUNTIF(D41:AH41,"x-1,25")+COUNTIF(D41:AH41,"x-1,5")+COUNTIF(D41:AH41,"x-1,55")+COUNTIF(D41:AH41,"x-2")+COUNTIF(D41:AH41,"x/2")/2 -> 0 | AJ41: =0 -> 0 | AK41: =AI41+AJ41 -> 0
C42: C3 | AI42: =COUNTIF(D42:AH42,"x")+COUNTIF(D42:AH42,"x-0,25")+COUNTIF(D42:AH42,"x-0,50")+COUNTIF(D42:AH42,"x-0.75")+COUNTIF(D42:AH42,"x-1")+COUNTIF(D42:AH42,"x-1,25")+COUNTIF(D42:AH42,"x-1,5")+COUNTIF(D42:AH42,"x-1,55")+COUNTIF(D42:AH42,"x-2")+COUNTIF(D42:AH42,"x/2")/2 -> 0 | AJ42: =0 -> 0 | AK42: =AI42+AJ42 -> 0
AI43: ="" | AJ43: ="" | AK43: =""
A44: 9 | B44: Phạm Ngọc Sam | C44: TC | AI44: =0 -> 0 | AJ44: =SUM(D44:AH44)/8 -> 0 | AK44: =AI44+AJ44 -> 0
C45: C1 | AI45: =COUNTIF(D45:AH45,"x")+COUNTIF(D45:AH45,"x-0,25")+COUNTIF(D45:AH45,"x-0,50")+COUNTIF(D45:AH45,"x-0.75")+COUNTIF(D45:AH45,"x-1")+COUNTIF(D45:AH45,"x-1,25")+COUNTIF(D45:AH45,"x-1,5")+COUNTIF(D45:AH45,"x-1,55")+COUNTIF(D45:AH45,"x-2")+COUNTIF(D45:AH45,"x/2")/2 -> 0 | AJ45: =0 -> 0 | AK45: =AI45+AJ45 -> 0
C46: C2 | AI46: =COUNTIF(D46:AH46,"x")+COUNTIF(D46:AH46,"x-0,25")+COUNTIF(D46:AH46,"x-0,50")+COUNTIF(D46:AH46,"x-0.75")+COUNTIF(D46:AH46,"x-1")+COUNTIF(D46:AH46,"x-1,25")+COUNTIF(D46:AH46,"x-1,5")+COUNTIF(D46:AH46,"x-1,55")+COUNTIF(D46:AH46,"x-2")+COUNTIF(D46:AH46,"x/2")/2 -> 0 | AJ46: =0 -> 0 | AK46: =AI46+AJ46 -> 0
C47: C3 | AI47: =COUNTIF(D47:AH47,"x")+COUNTIF(D47:AH47,"x-0,25")+COUNTIF(D47:AH47,"x-0,50")+COUNTIF(D47:AH47,"x-0.75")+COUNTIF(D47:AH47,"x-1")+COUNTIF(D47:AH47,"x-1,25")+COUNTIF(D47:AH47,"x-1,5")+COUNTIF(D47:AH47,"x-1,55")+COUNTIF(D47:AH47,"x-2")+COUNTIF(D47:AH47,"x/2")/2 -> 0 | AJ47: =0 -> 0 | AK47: =AI47+AJ47 -> 0
AI48: ="" | AJ48: ="" | AK48: =""
A49: 10 | B49: Phùng Công Thắng | C49: TC | AI49: =0 -> 0 | AJ49: =SUM(D49:AH49)/8 -> 0 | AK49: =AI49+AJ49 -> 0
C50: C1 | AI50: =COUNTIF(D50:AH50,"x")+COUNTIF(D50:AH50,"x-0,25")+COUNTIF(D50:AH50,"x-0,50")+COUNTIF(D50:AH50,"x-0.75")+COUNTIF(D50:AH50,"x-1")+COUNTIF(D50:AH50,"x-1,25")+COUNTIF(D50:AH50,"x-1,5")+COUNTIF(D50:AH50,"x-1,55")+COUNTIF(D50:AH50,"x-2")+COUNTIF(D50:AH50,"x/2")/2 -> 0 | AJ50: =0 -> 0 | AK50: =AI50+AJ50 -> 0
C51: C2 | AI51: =COUNTIF(D51:AH51,"x")+COUNTIF(D51:AH51,"x-0,25")+COUNTIF(D51:AH51,"x-0,50")+COUNTIF(D51:AH51,"x-0.75")+COUNTIF(D51:AH51,"x-1")+COUNTIF(D51:AH51,"x-1,25")+COUNTIF(D51:AH51,"x-1,5")+COUNTIF(D51:AH51,"x-1,55")+COUNTIF(D51:AH51,"x-2")+COUNTIF(D51:AH51,"x/2")/2 -> 0 | AJ51: =0 -> 0 | AK51: =AI51+AJ51 -> 0
C52: C3 | AI52: =COUNTIF(D52:AH52,"x")+COUNTIF(D52:AH52,"x-0,25")+COUNTIF(D52:AH52,"x-0,50")+COUNTIF(D52:AH52,"x-0.75")+COUNTIF(D52:AH52,"x-1")+COUNTIF(D52:AH52,"x-1,25")+COUNTIF(D52:AH52,"x-1,5")+COUNTIF(D52:AH52,"x-1,55")+COUNTIF(D52:AH52,"x-2")+COUNTIF(D52:AH52,"x/2")/2 -> 0 | AJ52: =0 -> 0 | AK52: =AI52+AJ52 -> 0
AI53: ="" | AJ53: ="" | AK53: =""
A54: 11 | B54: Nguyễn Văn Thanh | C54: TC | AI54: =0 -> 0 | AJ54: =SUM(D54:AH54)/8 -> 0 | AK54: =AI54+AJ54 -> 0
C55: C1 | AI55: =COUNTIF(D55:AH55,"x")+COUNTIF(D55:AH55,"x-0,25")+COUNTIF(D55:AH55,"x-0,50")+COUNTIF(D55:AH55,"x-0.75")+COUNTIF(D55:AH55,"x-1")+COUNTIF(D55:AH55,"x-1,25")+COUNTIF(D55:AH55,"x-1,5")+COUNTIF(D55:AH55,"x-1,55")+COUNTIF(D55:AH55,"x-2")+COUNTIF(D55:AH55,"x/2")/2 -> 0 | AJ55: =0 -> 0 | AK55: =AI55+AJ55 -> 0
C56: C2 | AI56: =COUNTIF(D56:AH56,"x")+COUNTIF(D56:AH56,"x-0,25")+COUNTIF(D56:AH56,"x-0,50")+COUNTIF(D56:AH56,"x-0.75")+COUNTIF(D56:AH56,"x-1")+COUNTIF(D56:AH56,"x-1,25")+COUNTIF(D56:AH56,"x-1,5")+COUNTIF(D56:AH56,"x-1,55")+COUNTIF(D56:AH56,"x-2")+COUNTIF(D56:AH56,"x/2")/2 -> 0 | AJ56: =0 -> 0 | AK56: =AI56+AJ56 -> 0
C57: C3 | AI57: =COUNTIF(D57:AH57,"x")+COUNTIF(D57:AH57,"x-0,25")+COUNTIF(D57:AH57,"x-0,50")+COUNTIF(D57:AH57,"x-0.75")+COUNTIF(D57:AH57,"x-1")+COUNTIF(D57:AH57,"x-1,25")+COUNTIF(D57:AH57,"x-1,5")+COUNTIF(D57:AH57,"x-1,55")+COUNTIF(D57:AH57,"x-2")+COUNTIF(D57:AH57,"x/2")/2 -> 0 | AJ57: =0 -> 0 | AK57: =AI57+AJ57 -> 0
X58: 45 | AI58: ="" | AJ58: ="" | AK58: =""
A59: 12 | B59: Vũ Tiến Thuận | C59: TC | AI59: =0 -> 0 | AJ59: =SUM(D59:AH59)/8 -> 0 | AK59: =AI59+AJ59 -> 0
C60: C1 | AI60: =COUNTIF(D60:AH60,"x")+COUNTIF(D60:AH60,"x-0,25")+COUNTIF(D60:AH60,"x-0,50")+COUNTIF(D60:AH60,"x-0.75")+COUNTIF(D60:AH60,"x-1")+COUNTIF(D60:AH60,"x-1,25")+COUNTIF(D60:AH60,"x-1,5")+COUNTIF(D60:AH60,"x-1,55")+COUNTIF(D60:AH60,"x-2")+COUNTIF(D60:AH60,"x/2")/2 -> 0 | AJ60: =0 -> 0 | AK60: =AI60+AJ60 -> 0
C61: C2 | AI61: =COUNTIF(D61:AH61,"x")+COUNTIF(D61:AH61,"x-0,25")+COUNTIF(D61:AH61,"x-0,50")+COUNTIF(D61:AH61,"x-0.75")+COUNTIF(D61:AH61,"x-1")+COUNTIF(D61:AH61,"x-1,25")+COUNTIF(D61:AH61,"x-1,5")+COUNTIF(D61:AH61,"x-1,55")+COUNTIF(D61:AH61,"x-2")+COUNTIF(D61:AH61,"x/2")/2 -> 0 | AJ61: =0 -> 0 | AK61: =AI61+AJ61 -> 0
C62: C3 | AI62: =COUNTIF(D62:AH62,"x")+COUNTIF(D62:AH62,"x-0,25")+COUNTIF(D62:AH62,"x-0,50")+COUNTIF(D62:AH62,"x-0.75")+COUNTIF(D62:AH62,"x-1")+COUNTIF(D62:AH62,"x-1,25")+COUNTIF(D62:AH62,"x-1,5")+COUNTIF(D62:AH62,"x-1,55")+COUNTIF(D62:AH62,"x-2")+COUNTIF(D62:AH62,"x/2")/2 -> 0 | AJ62: =0 -> 0 | AK62: =AI62+AJ62 -> 0
AI63: ="" | AJ63: ="" | AK63: =""
A64: 13 | B64: Phạm Văn Tráng | C64: TC | AI64: =0 -> 0 | AJ64: =SUM(D64:AH64)/8 -> 0 | AK64: =AI64+AJ64 -> 0
C65: C1 | AI65: =COUNTIF(D65:AH65,"x")+COUNTIF(D65:AH65,"x-0,25")+COUNTIF(D65:AH65,"x-0,50")+COUNTIF(D65:AH65,"x-0.75")+COUNTIF(D65:AH65,"x-1")+COUNTIF(D65:AH65,"x-1,25")+COUNTIF(D65:AH65,"x-1,5")+COUNTIF(D65:AH65,"x-1,55")+COUNTIF(D65:AH65,"x-2")+COUNTIF(D65:AH65,"x/2")/2 -> 0 | AJ65: =0 -> 0 | AK65: =AI65+AJ65 -> 0
C66: C2 | AI66: =COUNTIF(D66:AH66,"x")+COUNTIF(D66:AH66,"x-0,25")+COUNTIF(D66:AH66,"x-0,50")+COUNTIF(D66:AH66,"x-0.75")+COUNTIF(D66:AH66,"x-1")+COUNTIF(D66:AH66,"x-1,25")+COUNTIF(D66:AH66,"x-1,5")+COUNTIF(D66:AH66,"x-1,55")+COUNTIF(D66:AH66,"x-2")+COUNTIF(D66:AH66,"x/2")/2 -> 0 | AJ66: =0 -> 0 | AK66: =AI66+AJ66 -> 0
C67: C3 | AI67: =COUNTIF(D67:AH67,"x")+COUNTIF(D67:AH67,"x-0,25")+COUNTIF(D67:AH67,"x-0,50")+COUNTIF(D67:AH67,"x-0.75")+COUNTIF(D67:AH67,"x-1")+COUNTIF(D67:AH67,"x-1,25")+COUNTIF(D67:AH67,"x-1,5")+COUNTIF(D67:AH67,"x-1,55")+COUNTIF(D67:AH67,"x-2")+COUNTIF(D67:AH67,"x/2")/2 -> 0 | AJ67: =0 -> 0 | AK67: =AI67+AJ67 -> 0
A68: Note: | B68: HC: Hành chính (ĐVT: Ca) | AH68: ∑ | AI68: ="" | AJ68: ="" | AK68: =""
D74: =+C74+1 -> 1 | E74: =+D74+1 -> 2 | F74: =+E74+1 -> 3 | G74: =+F74+1 -> 4 | H74: =+G74+1 -> 5 | I74: =+H74+1 -> 6 | J74: =+I74+1 -> 7 | K74: =+J74+1 -> 8 | ... AH74: =+AG74+1 -> 31
AI75: =0 -> 0 | AJ75: =SUM(D75:AH75)/8 -> 0 | AK75: =AI75+AJ75 -> 0
AI76: =0 -> 0 | AJ76: =SUM(D76:AH76)/8 -> 0 | AK76: =AI76+AJ76 -> 0
AI77: =0 -> 0 | AJ77: =SUM(D77:AH77)/8 -> 0 | AK77: =AI77+AJ77 -> 0
AI78: =0 -> 0 | AJ78: =SUM(D78:AH78)/8 -> 0 | AK78: =AI78+AJ78 -> 0
AI79: =0 -> 0 | AJ79: =SUM(D79:AH79)/8 -> 0 | AK79: =AI79+AJ79 -> 0
AI80: =0 -> 0 | AJ80: =SUM(D80:AH80)/8 -> 0 | AK80: =AI80+AJ80 -> 0
AI81: =0 -> 0 | AJ81: =SUM(D81:AH81)/8 -> 0 | AK81: =AI81+AJ81 -> 0
AI82: =0 -> 0 | AJ82: =SUM(D82:AH82)/8 -> 0 | AK82: =AI82+AJ82 -> 0
AI83: =0 -> 0 | AK83: =AI83+AJ83 -> 0
AI84: =0 -> 0 | AJ84: =0 -> 0 | AK84: =AI84+AJ84 -> 0
AI85: =0 -> 0 | AJ85: =0 -> 0 | AK85: =AI85+AJ85 -> 0
AI86: =0 -> 0 | AJ86: =0 -> 0 | AK86: =AI86+AJ86 -> 0
AI87: =0 -> 0 | AJ87: =0 -> 0 | AK87: =AI87+AJ87 -> 0
AI88: =0 -> 0 | AJ88: =0 -> 0 | AK88: =AI88+AJ88 -> 0
AI89: =0 -> 0 | AJ89: =0 -> 0 | AK89: =AI89+AJ89 -> 0
AI90: =0 -> 0 | AJ90: =0 -> 0 | AK90: =AI90+AJ90 -> 0
AI91: =0 -> 0 | AJ91: =0 -> 0 | AK91: =AI91+AJ91 -> 0
AI92: =0 -> 0 | AJ92: =0 -> 0 | AK92: =AI92+AJ92 -> 0
AI93: =0 -> 0 | AJ93: =0 -> 0 | AK93: =AI93+AJ93 -> 0
AI94: =0 -> 0 | AJ94: =0 -> 0 | AK94: =AI94+AJ94 -> 0
AI95: =0 -> 0 | AJ95: =0 -> 0 | AK95: =AI95+AJ95 -> 0
... AI126: =0 -> 0 | AJ126: =0 -> 0 | AK126: =AI126+AJ126 -> 0
AJ127: =SUM(AJ75:AJ126) -> 0 | AK127: =SUM(AK75:AK126) -> 0

Sheet T10
A1: Px GCCK | D1: BẢNG CHẤM CÔNG THÁNG - THÁNG 10/2026 | AI1: Tổng công ca | AJ1: Tổng công TC | AK1: ∑
D2: 46296
A3: STT | B3: Họ tên | D3: 46296 | E3: 46297 | F3: =+E3+1 -> 46298 | G3: =+F3+1 -> 46299 | H3: =+G3+1 -> 46300 | I3: =+H3+1 -> 46301 | J3: =+I3+1 -> 46302 | K3: =+J3+1 -> 46303 | L3: =+K3+1 -> 46304 | M3: =+L3+1 -> 46305 | ... AH3: =+AG3+1 -> 46326
A4: 1 | B4: Nguyễn Trung Đông | C4: TC | AI4: =0 -> 0 | AJ4: =SUM(D4:AH4)/8 -> 0 | AK4: =AI4+AJ4 -> 0
C5: C1 | AI5: =COUNTIF(D5:AH5,"x")+COUNTIF(D5:AH5,"x-0,25")+COUNTIF(D5:AH5,"x-0,50")+COUNTIF(D5:AH5,"x-0.75")+COUNTIF(D5:AH5,"x-1")+COUNTIF(D5:AH5,"x-1,25")+COUNTIF(D5:AH5,"x-1,5")+COUNTIF(D5:AH5,"x-1,55")+COUNTIF(D5:AH5,"x-2")+COUNTIF(D5:AH5,"x/2")/2 -> 0 | AJ5: =0 -> 0 | AK5: =AI5+AJ5 -> 0
C6: C2 | AI6: =COUNTIF(D6:AH6,"x")+COUNTIF(D6:AH6,"x-0,25")+COUNTIF(D6:AH6,"x-0,50")+COUNTIF(D6:AH6,"x-0.75")+COUNTIF(D6:AH6,"x-1")+COUNTIF(D6:AH6,"x-1,25")+COUNTIF(D6:AH6,"x-1,5")+COUNTIF(D6:AH6,"x-1,55")+COUNTIF(D6:AH6,"x-2")+COUNTIF(D6:AH6,"x/2")/2 -> 0 | AJ6: =0 -> 0 | AK6: =AI6+AJ6 -> 0
C7: C3 | AI7: =COUNTIF(D7:AH7,"x")+COUNTIF(D7:AH7,"x-0,25")+COUNTIF(D7:AH7,"x-0,50")+COUNTIF(D7:AH7,"x-0.75")+COUNTIF(D7:AH7,"x-1")+COUNTIF(D7:AH7,"x-1,25")+COUNTIF(D7:AH7,"x-1,5")+COUNTIF(D7:AH7,"x-1,55")+COUNTIF(D7:AH7,"x-2")+COUNTIF(D7:AH7,"x/2")/2 -> 0 | AJ7: =0 -> 0 | AK7: =AI7+AJ7 -> 0
AI8: ="" | AJ8: ="" | AK8: =""
A9: 2 | B9: Trần Văn Dũng | C9: TC | AI9: =0 -> 0 | AJ9: =SUM(D9:AH9)/8 -> 0 | AK9: =AI9+AJ9 -> 0
C10: C1 | AI10: =COUNTIF(D10:AH10,"x")+COUNTIF(D10:AH10,"x-0,25")+COUNTIF(D10:AH10,"x-0,50")+COUNTIF(D10:AH10,"x-0.75")+COUNTIF(D10:AH10,"x-1")+COUNTIF(D10:AH10,"x-1,25")+COUNTIF(D10:AH10,"x-1,5")+COUNTIF(D10:AH10,"x-1,55")+COUNTIF(D10:AH10,"x-2")+COUNTIF(D10:AH10,"x/2")/2 -> 0 | AJ10: =0 -> 0 | AK10: =AI10+AJ10 -> 0
C11: C2 | AI11: =COUNTIF(D11:AH11,"x")+COUNTIF(D11:AH11,"x-0,25")+COUNTIF(D11:AH11,"x-0,50")+COUNTIF(D11:AH11,"x-0.75")+COUNTIF(D11:AH11,"x-1")+COUNTIF(D11:AH11,"x-1,25")+COUNTIF(D11:AH11,"x-1,5")+COUNTIF(D11:AH11,"x-1,55")+COUNTIF(D11:AH11,"x-2")+COUNTIF(D11:AH11,"x/2")/2 -> 0 | AJ11: =0 -> 0 | AK11: =AI11+AJ11 -> 0
C12: C3 | AI12: =COUNTIF(D12:AH12,"x")+COUNTIF(D12:AH12,"x-0,25")+COUNTIF(D12:AH12,"x-0,50")+COUNTIF(D12:AH12,"x-0.75")+COUNTIF(D12:AH12,"x-1")+COUNTIF(D12:AH12,"x-1,25")+COUNTIF(D12:AH12,"x-1,5")+COUNTIF(D12:AH12,"x-1,55")+COUNTIF(D12:AH12,"x-2")+COUNTIF(D12:AH12,"x/2")/2 -> 0 | AJ12: =0 -> 0 | AK12: =AI12+AJ12 -> 0
AI13: ="" | AJ13: ="" | AK13: =""
A14: 3 | B14: Hoàng Ngọc Hà | C14: TC | AI14: =0 -> 0 | AJ14: =SUM(D14:AH14)/8 -> 0 | AK14: =AI14+AJ14 -> 0
C15: C1 | AI15: =COUNTIF(D15:AH15,"x")+COUNTIF(D15:AH15,"x-0,25")+COUNTIF(D15:AH15,"x-0,50")+COUNTIF(D15:AH15,"x-0.75")+COUNTIF(D15:AH15,"x-1")+COUNTIF(D15:AH15,"x-1,25")+COUNTIF(D15:AH15,"x-1,5")+COUNTIF(D15:AH15,"x-1,55")+COUNTIF(D15:AH15,"x-2")+COUNTIF(D15:AH15,"x/2")/2 -> 0 | AJ15: =0 -> 0 | AK15: =AI15+AJ15 -> 0
C16: C2 | AI16: =COUNTIF(D16:AH16,"x")+COUNTIF(D16:AH16,"x-0,25")+COUNTIF(D16:AH16,"x-0,50")+COUNTIF(D16:AH16,"x-0.75")+COUNTIF(D16:AH16,"x-1")+COUNTIF(D16:AH16,"x-1,25")+COUNTIF(D16:AH16,"x-1,5")+COUNTIF(D16:AH16,"x-1,55")+COUNTIF(D16:AH16,"x-2")+COUNTIF(D16:AH16,"x/2")/2 -> 0 | AJ16: =0 -> 0 | AK16: =AI16+AJ16 -> 0
C17: C3 | AI17: =COUNTIF(D17:AH17,"x")+COUNTIF(D17:AH17,"x-0,25")+COUNTIF(D17:AH17,"x-0,50")+COUNTIF(D17:AH17,"x-0.75")+COUNTIF(D17:AH17,"x-1")+COUNTIF(D17:AH17,"x-1,25")+COUNTIF(D17:AH17,"x-1,5")+COUNTIF(D17:AH17,"x-1,55")+COUNTIF(D17:AH17,"x-2")+COUNTIF(D17:AH17,"x/2")/2 -> 0 | AJ17: =0 -> 0 | AK17: =AI17+AJ17 -> 0
AI18: ="" | AJ18: ="" | AK18: =""
A19: 4 | B19: Phùng Đình Hùng | C19: TC | AI19: =0 -> 0 | AJ19: =SUM(D19:AH19)/8 -> 0 | AK19: =AI19+AJ19 -> 0
C20: C1 | AI20: =COUNTIF(D20:AH20,"x")+COUNTIF(D20:AH20,"x-0,25")+COUNTIF(D20:AH20,"x-0,50")+COUNTIF(D20:AH20,"x-0.75")+COUNTIF(D20:AH20,"x-1")+COUNTIF(D20:AH20,"x-1,25")+COUNTIF(D20:AH20,"x-1,5")+COUNTIF(D20:AH20,"x-1,55")+COUNTIF(D20:AH20,"x-2")+COUNTIF(D20:AH20,"x/2")/2 -> 0 | AJ20: =0 -> 0 | AK20: =AI20+AJ20 -> 0
C21: C2 | AI21: =COUNTIF(D21:AH21,"x")+COUNTIF(D21:AH21,"x-0,25")+COUNTIF(D21:AH21,"x-0,50")+COUNTIF(D21:AH21,"x-0.75")+COUNTIF(D21:AH21,"x-1")+COUNTIF(D21:AH21,"x-1,25")+COUNTIF(D21:AH21,"x-1,5")+COUNTIF(D21:AH21,"x-1,55")+COUNTIF(D21:AH21,"x-2")+COUNTIF(D21:AH21,"x/2")/2 -> 0 | AJ21: =0 -> 0 | AK21: =AI21+AJ21 -> 0
C22: C3 | AI22: =COUNTIF(D22:AH22,"x")+COUNTIF(D22:AH22,"x-0,25")+COUNTIF(D22:AH22,"x-0,50")+COUNTIF(D22:AH22,"x-0.75")+COUNTIF(D22:AH22,"x-1")+COUNTIF(D22:AH22,"x-1,25")+COUNTIF(D22:AH22,"x-1,5")+COUNTIF(D22:AH22,"x-1,55")+COUNTIF(D22:AH22,"x-2")+COUNTIF(D22:AH22,"x/2")/2 -> 0 | AJ22: =0 -> 0 | AK22: =AI22+AJ22 -> 0
AI23: ="" | AJ23: ="" | AK23: =""
A24: 5 | B24: Đặng Ngọc Long | C24: TC | AI24: =0 -> 0 | AJ24: =SUM(D24:AH24)/8 -> 0 | AK24: =AI24+AJ24 -> 0
C25: C1 | AI25: =COUNTIF(D25:AH25,"x")+COUNTIF(D25:AH25,"x-0,25")+COUNTIF(D25:AH25,"x-0,50")+COUNTIF(D25:AH25,"x-0.75")+COUNTIF(D25:AH25,"x-1")+COUNTIF(D25:AH25,"x-1,25")+COUNTIF(D25:AH25,"x-1,5")+COUNTIF(D25:AH25,"x-1,55")+COUNTIF(D25:AH25,"x-2")+COUNTIF(D25:AH25,"x/2")/2 -> 0 | AJ25: =0 -> 0 | AK25: =AI25+AJ25 -> 0
C26: C2 | AI26: =COUNTIF(D26:AH26,"x")+COUNTIF(D26:AH26,"x-0,25")+COUNTIF(D26:AH26,"x-0,50")+COUNTIF(D26:AH26,"x-0.75")+COUNTIF(D26:AH26,"x-1")+COUNTIF(D26:AH26,"x-1,25")+COUNTIF(D26:AH26,"x-1,5")+COUNTIF(D26:AH26,"x-1,55")+COUNTIF(D26:AH26,"x-2")+COUNTIF(D26:AH26,"x/2")/2 -> 0 | AJ26: =0 -> 0 | AK26: =AI26+AJ26 -> 0
C27: C3 | AI27: =COUNTIF(D27:AH27,"x")+COUNTIF(D27:AH27,"x-0,25")+COUNTIF(D27:AH27,"x-0,50")+COUNTIF(D27:AH27,"x-0.75")+COUNTIF(D27:AH27,"x-1")+COUNTIF(D27:AH27,"x-1,25")+COUNTIF(D27:AH27,"x-1,5")+COUNTIF(D27:AH27,"x-1,55")+COUNTIF(D27:AH27,"x-2")+COUNTIF(D27:AH27,"x/2")/2 -> 0 | AJ27: =0 -> 0 | AK27: =AI27+AJ27 -> 0
AI28: ="" | AJ28: ="" | AK28: =""
A29: 6 | B29: Trần Văn Nhận | C29: TC | AI29: =0 -> 0 | AJ29: =SUM(D29:AH29)/8 -> 0 | AK29: =AI29+AJ29 -> 0
C30: C1 | AI30: =COUNTIF(D30:AH30,"x")+COUNTIF(D30:AH30,"x-0,25")+COUNTIF(D30:AH30,"x-0,50")+COUNTIF(D30:AH30,"x-0.75")+COUNTIF(D30:AH30,"x-1")+COUNTIF(D30:AH30,"x-1,25")+COUNTIF(D30:AH30,"x-1,5")+COUNTIF(D30:AH30,"x-1,55")+COUNTIF(D30:AH30,"x-2")+COUNTIF(D30:AH30,"x/2")/2 -> 0 | AJ30: =0 -> 0 | AK30: =AI30+AJ30 -> 0
C31: C2 | AI31: =COUNTIF(D31:AH31,"x")+COUNTIF(D31:AH31,"x-0,25")+COUNTIF(D31:AH31,"x-0,50")+COUNTIF(D31:AH31,"x-0.75")+COUNTIF(D31:AH31,"x-1")+COUNTIF(D31:AH31,"x-1,25")+COUNTIF(D31:AH31,"x-1,5")+COUNTIF(D31:AH31,"x-1,55")+COUNTIF(D31:AH31,"x-2")+COUNTIF(D31:AH31,"x/2")/2 -> 0 | AJ31: =0 -> 0 | AK31: =AI31+AJ31 -> 0
C32: C3 | AI32: =COUNTIF(D32:AH32,"x")+COUNTIF(D32:AH32,"x-0,25")+COUNTIF(D32:AH32,"x-0,50")+COUNTIF(D32:AH32,"x-0.75")+COUNTIF(D32:AH32,"x-1")+COUNTIF(D32:AH32,"x-1,25")+COUNTIF(D32:AH32,"x-1,5")+COUNTIF(D32:AH32,"x-1,55")+COUNTIF(D32:AH32,"x-2")+COUNTIF(D32:AH32,"x/2")/2 -> 0 | AJ32: =0 -> 0 | AK32: =AI32+AJ32 -> 0
AI33: ="" | AJ33: ="" | AK33: =""
A34: 7 | B34: Phùng Gia Phúc | C34: TC | AI34: =0 -> 0 | AJ34: =SUM(D34:AH34)/8 -> 0 | AK34: =AI34+AJ34 -> 0
C35: C1 | AI35: =COUNTIF(D35:AH35,"x")+COUNTIF(D35:AH35,"x-0,25")+COUNTIF(D35:AH35,"x-0,50")+COUNTIF(D35:AH35,"x-0.75")+COUNTIF(D35:AH35,"x-1")+COUNTIF(D35:AH35,"x-1,25")+COUNTIF(D35:AH35,"x-1,5")+COUNTIF(D35:AH35,"x-1,55")+COUNTIF(D35:AH35,"x-2")+COUNTIF(D35:AH35,"x/2")/2 -> 0 | AJ35: =0 -> 0 | AK35: =AI35+AJ35 -> 0
C36: C2 | AI36: =COUNTIF(D36:AH36,"x")+COUNTIF(D36:AH36,"x-0,25")+COUNTIF(D36:AH36,"x-0,50")+COUNTIF(D36:AH36,"x-0.75")+COUNTIF(D36:AH36,"x-1")+COUNTIF(D36:AH36,"x-1,25")+COUNTIF(D36:AH36,"x-1,5")+COUNTIF(D36:AH36,"x-1,55")+COUNTIF(D36:AH36,"x-2")+COUNTIF(D36:AH36,"x/2")/2 -> 0 | AJ36: =0 -> 0 | AK36: =AI36+AJ36 -> 0
C37: C3 | AI37: =COUNTIF(D37:AH37,"x")+COUNTIF(D37:AH37,"x-0,25")+COUNTIF(D37:AH37,"x-0,50")+COUNTIF(D37:AH37,"x-0.75")+COUNTIF(D37:AH37,"x-1")+COUNTIF(D37:AH37,"x-1,25")+COUNTIF(D37:AH37,"x-1,5")+COUNTIF(D37:AH37,"x-1,55")+COUNTIF(D37:AH37,"x-2")+COUNTIF(D37:AH37,"x/2")/2 -> 0 | AJ37: =0 -> 0 | AK37: =AI37+AJ37 -> 0
AI38: ="" | AJ38: ="" | AK38: =""
A39: 8 | B39: Trần Văn Quỳnh | C39: TC | AI39: =0 -> 0 | AJ39: =SUM(D39:AH39)/8 -> 0 | AK39: =AI39+AJ39 -> 0
C40: C1 | AI40: =COUNTIF(D40:AH40,"x")+COUNTIF(D40:AH40,"x-0,25")+COUNTIF(D40:AH40,"x-0,50")+COUNTIF(D40:AH40,"x-0.75")+COUNTIF(D40:AH40,"x-1")+COUNTIF(D40:AH40,"x-1,25")+COUNTIF(D40:AH40,"x-1,5")+COUNTIF(D40:AH40,"x-1,55")+COUNTIF(D40:AH40,"x-2")+COUNTIF(D40:AH40,"x/2")/2 -> 0 | AJ40: =0 -> 0 | AK40: =AI40+AJ40 -> 0
C41: C2 | AI41: =COUNTIF(D41:AH41,"x")+COUNTIF(D41:AH41,"x-0,25")+COUNTIF(D41:AH41,"x-0,50")+COUNTIF(D41:AH41,"x-0.75")+COUNTIF(D41:AH41,"x-1")+COUNTIF(D41:AH41,"x-1,25")+COUNTIF(D41:AH41,"x-1,5")+COUNTIF(D41:AH41,"x-1,55")+COUNTIF(D41:AH41,"x-2")+COUNTIF(D41:AH41,"x/2")/2 -> 0 | AJ41: =0 -> 0 | AK41: =AI41+AJ41 -> 0
C42: C3 | AI42: =COUNTIF(D42:AH42,"x")+COUNTIF(D42:AH42,"x-0,25")+COUNTIF(D42:AH42,"x-0,50")+COUNTIF(D42:AH42,"x-0.75")+COUNTIF(D42:AH42,"x-1")+COUNTIF(D42:AH42,"x-1,25")+COUNTIF(D42:AH42,"x-1,5")+COUNTIF(D42:AH42,"x-1,55")+COUNTIF(D42:AH42,"x-2")+COUNTIF(D42:AH42,"x/2")/2 -> 0 | AJ42: =0 -> 0 | AK42: =AI42+AJ42 -> 0
AI43: ="" | AJ43: ="" | AK43: =""
A44: 9 | B44: Phạm Ngọc Sam | C44: TC | AI44: =0 -> 0 | AJ44: =SUM(D44:AH44)/8 -> 0 | AK44: =AI44+AJ44 -> 0
C45: C1 | AI45: =COUNTIF(D45:AH45,"x")+COUNTIF(D45:AH45,"x-0,25")+COUNTIF(D45:AH45,"x-0,50")+COUNTIF(D45:AH45,"x-0.75")+COUNTIF(D45:AH45,"x-1")+COUNTIF(D45:AH45,"x-1,25")+COUNTIF(D45:AH45,"x-1,5")+COUNTIF(D45:AH45,"x-1,55")+COUNTIF(D45:AH45,"x-2")+COUNTIF(D45:AH45,"x/2")/2 -> 0 | AJ45: =0 -> 0 | AK45: =AI45+AJ45 -> 0
C46: C2 | AI46: =COUNTIF(D46:AH46,"x")+COUNTIF(D46:AH46,"x-0,25")+COUNTIF(D46:AH46,"x-0,50")+COUNTIF(D46:AH46,"x-0.75")+COUNTIF(D46:AH46,"x-1")+COUNTIF(D46:AH46,"x-1,25")+COUNTIF(D46:AH46,"x-1,5")+COUNTIF(D46:AH46,"x-1,55")+COUNTIF(D46:AH46,"x-2")+COUNTIF(D46:AH46,"x/2")/2 -> 0 | AJ46: =0 -> 0 | AK46: =AI46+AJ46 -> 0
C47: C3 | AI47: =COUNTIF(D47:AH47,"x")+COUNTIF(D47:AH47,"x-0,25")+COUNTIF(D47:AH47,"x-0,50")+COUNTIF(D47:AH47,"x-0.75")+COUNTIF(D47:AH47,"x-1")+COUNTIF(D47:AH47,"x-1,25")+COUNTIF(D47:AH47,"x-1,5")+COUNTIF(D47:AH47,"x-1,55")+COUNTIF(D47:AH47,"x-2")+COUNTIF(D47:AH47,"x/2")/2 -> 0 | AJ47: =0 -> 0 | AK47: =AI47+AJ47 -> 0
AI48: ="" | AJ48: ="" | AK48: =""
A49: 10 | B49: Phùng Công Thắng | C49: TC | AI49: =0 -> 0 | AJ49: =SUM(D49:AH49)/8 -> 0 | AK49: =AI49+AJ49 -> 0
C50: C1 | AI50: =COUNTIF(D50:AH50,"x")+COUNTIF(D50:AH50,"x-0,25")+COUNTIF(D50:AH50,"x-0,50")+COUNTIF(D50:AH50,"x-0.75")+COUNTIF(D50:AH50,"x-1")+COUNTIF(D50:AH50,"x-1,25")+COUNTIF(D50:AH50,"x-1,5")+COUNTIF(D50:AH50,"x-1,55")+COUNTIF(D50:AH50,"x-2")+COUNTIF(D50:AH50,"x/2")/2 -> 0 | AJ50: =0 -> 0 | AK50: =AI50+AJ50 -> 0
C51: C2 | AI51: =COUNTIF(D51:AH51,"x")+COUNTIF(D51:AH51,"x-0,25")+COUNTIF(D51:AH51,"x-0,50")+COUNTIF(D51:AH51,"x-0.75")+COUNTIF(D51:AH51,"x-1")+COUNTIF(D51:AH51,"x-1,25")+COUNTIF(D51:AH51,"x-1,5")+COUNTIF(D51:AH51,"x-1,55")+COUNTIF(D51:AH51,"x-2")+COUNTIF(D51:AH51,"x/2")/2 -> 0 | AJ51: =0 -> 0 | AK51: =AI51+AJ51 -> 0
C52: C3 | AI52: =COUNTIF(D52:AH52,"x")+COUNTIF(D52:AH52,"x-0,25")+COUNTIF(D52:AH52,"x-0,50")+COUNTIF(D52:AH52,"x-0.75")+COUNTIF(D52:AH52,"x-1")+COUNTIF(D52:AH52,"x-1,25")+COUNTIF(D52:AH52,"x-1,5")+COUNTIF(D52:AH52,"x-1,55")+COUNTIF(D52:AH52,"x-2")+COUNTIF(D52:AH52,"x/2")/2 -> 0 | AJ52: =0 -> 0 | AK52: =AI52+AJ52 -> 0
AI53: ="" | AJ53: ="" | AK53: =""
A54: 11 | B54: Nguyễn Văn Thanh | C54: TC | AI54: =0 -> 0 | AJ54: =SUM(D54:AH54)/8 -> 0 | AK54: =AI54+AJ54 -> 0
C55: C1 | AI55: =COUNTIF(D55:AH55,"x")+COUNTIF(D55:AH55,"x-0,25")+COUNTIF(D55:AH55,"x-0,50")+COUNTIF(D55:AH55,"x-0.75")+COUNTIF(D55:AH55,"x-1")+COUNTIF(D55:AH55,"x-1,25")+COUNTIF(D55:AH55,"x-1,5")+COUNTIF(D55:AH55,"x-1,55")+COUNTIF(D55:AH55,"x-2")+COUNTIF(D55:AH55,"x/2")/2 -> 0 | AJ55: =0 -> 0 | AK55: =AI55+AJ55 -> 0
C56: C2 | AI56: =COUNTIF(D56:AH56,"x")+COUNTIF(D56:AH56,"x-0,25")+COUNTIF(D56:AH56,"x-0,50")+COUNTIF(D56:AH56,"x-0.75")+COUNTIF(D56:AH56,"x-1")+COUNTIF(D56:AH56,"x-1,25")+COUNTIF(D56:AH56,"x-1,5")+COUNTIF(D56:AH56,"x-1,55")+COUNTIF(D56:AH56,"x-2")+COUNTIF(D56:AH56,"x/2")/2 -> 0 | AJ56: =0 -> 0 | AK56: =AI56+AJ56 -> 0
C57: C3 | AI57: =COUNTIF(D57:AH57,"x")+COUNTIF(D57:AH57,"x-0,25")+COUNTIF(D57:AH57,"x-0,50")+COUNTIF(D57:AH57,"x-0.75")+COUNTIF(D57:AH57,"x-1")+COUNTIF(D57:AH57,"x-1,25")+COUNTIF(D57:AH57,"x-1,5")+COUNTIF(D57:AH57,"x-1,55")+COUNTIF(D57:AH57,"x-2")+COUNTIF(D57:AH57,"x/2")/2 -> 0 | AJ57: =0 -> 0 | AK57: =AI57+AJ57 -> 0
X58: 45 | AI58: ="" | AJ58: ="" | AK58: =""
A59: 12 | B59: Vũ Tiến Thuận | C59: TC | AI59: =0 -> 0 | AJ59: =SUM(D59:AH59)/8 -> 0 | AK59: =AI59+AJ59 -> 0
C60: C1 | AI60: =COUNTIF(D60:AH60,"x")+COUNTIF(D60:AH60,"x-0,25")+COUNTIF(D60:AH60,"x-0,50")+COUNTIF(D60:AH60,"x-0.75")+COUNTIF(D60:AH60,"x-1")+COUNTIF(D60:AH60,"x-1,25")+COUNTIF(D60:AH60,"x-1,5")+COUNTIF(D60:AH60,"x-1,55")+COUNTIF(D60:AH60,"x-2")+COUNTIF(D60:AH60,"x/2")/2 -> 0 | AJ60: =0 -> 0 | AK60: =AI60+AJ60 -> 0
C61: C2 | AI61: =COUNTIF(D61:AH61,"x")+COUNTIF(D61:AH61,"x-0,25")+COUNTIF(D61:AH61,"x-0,50")+COUNTIF(D61:AH61,"x-0.75")+COUNTIF(D61:AH61,"x-1")+COUNTIF(D61:AH61,"x-1,25")+COUNTIF(D61:AH61,"x-1,5")+COUNTIF(D61:AH61,"x-1,55")+COUNTIF(D61:AH61,"x-2")+COUNTIF(D61:AH61,"x/2")/2 -> 0 | AJ61: =0 -> 0 | AK61: =AI61+AJ61 -> 0
C62: C3 | AI62: =COUNTIF(D62:AH62,"x")+COUNTIF(D62:AH62,"x-0,25")+COUNTIF(D62:AH62,"x-0,50")+COUNTIF(D62:AH62,"x-0.75")+COUNTIF(D62:AH62,"x-1")+COUNTIF(D62:AH62,"x-1,25")+COUNTIF(D62:AH62,"x-1,5")+COUNTIF(D62:AH62,"x-1,55")+COUNTIF(D62:AH62,"x-2")+COUNTIF(D62:AH62,"x/2")/2 -> 0 | AJ62: =0 -> 0 | AK62: =AI62+AJ62 -> 0
AI63: ="" | AJ63: ="" | AK63: =""
A64: 13 | B64: Phạm Văn Tráng | C64: TC | AI64: =0 -> 0 | AJ64: =SUM(D64:AH64)/8 -> 0 | AK64: =AI64+AJ64 -> 0
C65: C1 | AI65: =COUNTIF(D65:AH65,"x")+COUNTIF(D65:AH65,"x-0,25")+COUNTIF(D65:AH65,"x-0,50")+COUNTIF(D65:AH65,"x-0.75")+COUNTIF(D65:AH65,"x-1")+COUNTIF(D65:AH65,"x-1,25")+COUNTIF(D65:AH65,"x-1,5")+COUNTIF(D65:AH65,"x-1,55")+COUNTIF(D65:AH65,"x-2")+COUNTIF(D65:AH65,"x/2")/2 -> 0 | AJ65: =0 -> 0 | AK65: =AI65+AJ65 -> 0
C66: C2 | AI66: =COUNTIF(D66:AH66,"x")+COUNTIF(D66:AH66,"x-0,25")+COUNTIF(D66:AH66,"x-0,50")+COUNTIF(D66:AH66,"x-0.75")+COUNTIF(D66:AH66,"x-1")+COUNTIF(D66:AH66,"x-1,25")+COUNTIF(D66:AH66,"x-1,5")+COUNTIF(D66:AH66,"x-1,55")+COUNTIF(D66:AH66,"x-2")+COUNTIF(D66:AH66,"x/2")/2 -> 0 | AJ66: =0 -> 0 | AK66: =AI66+AJ66 -> 0
C67: C3 | AI67: =COUNTIF(D67:AH67,"x")+COUNTIF(D67:AH67,"x-0,25")+COUNTIF(D67:AH67,"x-0,50")+COUNTIF(D67:AH67,"x-0.75")+COUNTIF(D67:AH67,"x-1")+COUNTIF(D67:AH67,"x-1,25")+COUNTIF(D67:AH67,"x-1,5")+COUNTIF(D67:AH67,"x-1,55")+COUNTIF(D67:AH67,"x-2")+COUNTIF(D67:AH67,"x/2")/2 -> 0 | AJ67: =0 -> 0 | AK67: =AI67+AJ67 -> 0
A68: Note: | B68: HC: Hành chính (ĐVT: Ca) | AH68: ∑ | AI68: ="" | AJ68: ="" | AK68: =""
D74: =+C74+1 -> 1 | E74: =+D74+1 -> 2 | F74: =+E74+1 -> 3 | G74: =+F74+1 -> 4 | H74: =+G74+1 -> 5 | I74: =+H74+1 -> 6 | J74: =+I74+1 -> 7 | K74: =+J74+1 -> 8 | ... AH74: =+AG74+1 -> 31
AI75: =0 -> 0 | AJ75: =SUM(D75:AH75)/8 -> 0 | AK75: =AI75+AJ75 -> 0
AI76: =0 -> 0 | AJ76: =SUM(D76:AH76)/8 -> 0 | AK76: =AI76+AJ76 -> 0
AI77: =0 -> 0 | AJ77: =SUM(D77:AH77)/8 -> 0 | AK77: =AI77+AJ77 -> 0
AI78: =0 -> 0 | AJ78: =SUM(D78:AH78)/8 -> 0 | AK78: =AI78+AJ78 -> 0
AI79: =0 -> 0 | AJ79: =SUM(D79:AH79)/8 -> 0 | AK79: =AI79+AJ79 -> 0
AI80: =0 -> 0 | AJ80: =SUM(D80:AH80)/8 -> 0 | AK80: =AI80+AJ80 -> 0
AI81: =0 -> 0 | AJ81: =SUM(D81:AH81)/8 -> 0 | AK81: =AI81+AJ81 -> 0
AI82: =0 -> 0 | AJ82: =SUM(D82:AH82)/8 -> 0 | AK82: =AI82+AJ82 -> 0
AI83: =0 -> 0 | AK83: =AI83+AJ83 -> 0
AI84: =0 -> 0 | AJ84: =0 -> 0 | AK84: =AI84+AJ84 -> 0
AI85: =0 -> 0 | AJ85: =0 -> 0 | AK85: =AI85+AJ85 -> 0
AI86: =0 -> 0 | AJ86: =0 -> 0 | AK86: =AI86+AJ86 -> 0
AI87: =0 -> 0 | AJ87: =0 -> 0 | AK87: =AI87+AJ87 -> 0
AI88: =0 -> 0 | AJ88: =0 -> 0 | AK88: =AI88+AJ88 -> 0
AI89: =0 -> 0 | AJ89: =0 -> 0 | AK89: =AI89+AJ89 -> 0
AI90: =0 -> 0 | AJ90: =0 -> 0 | AK90: =AI90+AJ90 -> 0
AI91: =0 -> 0 | AJ91: =0 -> 0 | AK91: =AI91+AJ91 -> 0
AI92: =0 -> 0 | AJ92: =0 -> 0 | AK92: =AI92+AJ92 -> 0
AI93: =0 -> 0 | AJ93: =0 -> 0 | AK93: =AI93+AJ93 -> 0
AI94: =0 -> 0 | AJ94: =0 -> 0 | AK94: =AI94+AJ94 -> 0
AI95: =0 -> 0 | AJ95: =0 -> 0 | AK95: =AI95+AJ95 -> 0
... AI126: =0 -> 0 | AJ126: =0 -> 0 | AK126: =AI126+AJ126 -> 0
AJ127: =SUM(AJ75:AJ126) -> 0 | AK127: =SUM(AK75:AK126) -> 0

Sheet T11
A1: Px GCCK | D1: BẢNG CHẤM CÔNG THÁNG - THÁNG 11/2026 | AI1: Tổng công ca | AJ1: Tổng công TC | AK1: ∑
D2: 46327
A3: STT | B3: Họ tên | D3: 46327 | E3: 46328 | F3: =+E3+1 -> 46329 | G3: =+F3+1 -> 46330 | H3: =+G3+1 -> 46331 | I3: =+H3+1 -> 46332 | J3: =+I3+1 -> 46333 | K3: =+J3+1 -> 46334 | L3: =+K3+1 -> 46335 | M3: =+L3+1 -> 46336 | ... AH3: =+AG3+1 -> 46357
A4: 1 | B4: Nguyễn Trung Đông | C4: TC | AI4: =0 -> 0 | AJ4: =SUM(D4:AH4)/8 -> 0 | AK4: =AI4+AJ4 -> 0
C5: C1 | AI5: =COUNTIF(D5:AH5,"x")+COUNTIF(D5:AH5,"x-0,25")+COUNTIF(D5:AH5,"x-0,50")+COUNTIF(D5:AH5,"x-0.75")+COUNTIF(D5:AH5,"x-1")+COUNTIF(D5:AH5,"x-1,25")+COUNTIF(D5:AH5,"x-1,5")+COUNTIF(D5:AH5,"x-1,55")+COUNTIF(D5:AH5,"x-2")+COUNTIF(D5:AH5,"x/2")/2 -> 0 | AJ5: =0 -> 0 | AK5: =AI5+AJ5 -> 0
C6: C2 | AI6: =COUNTIF(D6:AH6,"x")+COUNTIF(D6:AH6,"x-0,25")+COUNTIF(D6:AH6,"x-0,50")+COUNTIF(D6:AH6,"x-0.75")+COUNTIF(D6:AH6,"x-1")+COUNTIF(D6:AH6,"x-1,25")+COUNTIF(D6:AH6,"x-1,5")+COUNTIF(D6:AH6,"x-1,55")+COUNTIF(D6:AH6,"x-2")+COUNTIF(D6:AH6,"x/2")/2 -> 0 | AJ6: =0 -> 0 | AK6: =AI6+AJ6 -> 0
C7: C3 | AI7: =COUNTIF(D7:AH7,"x")+COUNTIF(D7:AH7,"x-0,25")+COUNTIF(D7:AH7,"x-0,50")+COUNTIF(D7:AH7,"x-0.75")+COUNTIF(D7:AH7,"x-1")+COUNTIF(D7:AH7,"x-1,25")+COUNTIF(D7:AH7,"x-1,5")+COUNTIF(D7:AH7,"x-1,55")+COUNTIF(D7:AH7,"x-2")+COUNTIF(D7:AH7,"x/2")/2 -> 0 | AJ7: =0 -> 0 | AK7: =AI7+AJ7 -> 0
AI8: ="" | AJ8: ="" | AK8: =""
A9: 2 | B9: Trần Văn Dũng | C9: TC | AI9: =0 -> 0 | AJ9: =SUM(D9:AH9)/8 -> 0 | AK9: =AI9+AJ9 -> 0
C10: C1 | AI10: =COUNTIF(D10:AH10,"x")+COUNTIF(D10:AH10,"x-0,25")+COUNTIF(D10:AH10,"x-0,50")+COUNTIF(D10:AH10,"x-0.75")+COUNTIF(D10:AH10,"x-1")+COUNTIF(D10:AH10,"x-1,25")+COUNTIF(D10:AH10,"x-1,5")+COUNTIF(D10:AH10,"x-1,55")+COUNTIF(D10:AH10,"x-2")+COUNTIF(D10:AH10,"x/2")/2 -> 0 | AJ10: =0 -> 0 | AK10: =AI10+AJ10 -> 0
C11: C2 | AI11: =COUNTIF(D11:AH11,"x")+COUNTIF(D11:AH11,"x-0,25")+COUNTIF(D11:AH11,"x-0,50")+COUNTIF(D11:AH11,"x-0.75")+COUNTIF(D11:AH11,"x-1")+COUNTIF(D11:AH11,"x-1,25")+COUNTIF(D11:AH11,"x-1,5")+COUNTIF(D11:AH11,"x-1,55")+COUNTIF(D11:AH11,"x-2")+COUNTIF(D11:AH11,"x/2")/2 -> 0 | AJ11: =0 -> 0 | AK11: =AI11+AJ11 -> 0
C12: C3 | AI12: =COUNTIF(D12:AH12,"x")+COUNTIF(D12:AH12,"x-0,25")+COUNTIF(D12:AH12,"x-0,50")+COUNTIF(D12:AH12,"x-0.75")+COUNTIF(D12:AH12,"x-1")+COUNTIF(D12:AH12,"x-1,25")+COUNTIF(D12:AH12,"x-1,5")+COUNTIF(D12:AH12,"x-1,55")+COUNTIF(D12:AH12,"x-2")+COUNTIF(D12:AH12,"x/2")/2 -> 0 | AJ12: =0 -> 0 | AK12: =AI12+AJ12 -> 0
AI13: ="" | AJ13: ="" | AK13: =""
A14: 3 | B14: Hoàng Ngọc Hà | C14: TC | AI14: =0 -> 0 | AJ14: =SUM(D14:AH14)/8 -> 0 | AK14: =AI14+AJ14 -> 0
C15: C1 | AI15: =COUNTIF(D15:AH15,"x")+COUNTIF(D15:AH15,"x-0,25")+COUNTIF(D15:AH15,"x-0,50")+COUNTIF(D15:AH15,"x-0.75")+COUNTIF(D15:AH15,"x-1")+COUNTIF(D15:AH15,"x-1,25")+COUNTIF(D15:AH15,"x-1,5")+COUNTIF(D15:AH15,"x-1,55")+COUNTIF(D15:AH15,"x-2")+COUNTIF(D15:AH15,"x/2")/2 -> 0 | AJ15: =0 -> 0 | AK15: =AI15+AJ15 -> 0
C16: C2 | AI16: =COUNTIF(D16:AH16,"x")+COUNTIF(D16:AH16,"x-0,25")+COUNTIF(D16:AH16,"x-0,50")+COUNTIF(D16:AH16,"x-0.75")+COUNTIF(D16:AH16,"x-1")+COUNTIF(D16:AH16,"x-1,25")+COUNTIF(D16:AH16,"x-1,5")+COUNTIF(D16:AH16,"x-1,55")+COUNTIF(D16:AH16,"x-2")+COUNTIF(D16:AH16,"x/2")/2 -> 0 | AJ16: =0 -> 0 | AK16: =AI16+AJ16 -> 0
C17: C3 | AI17: =COUNTIF(D17:AH17,"x")+COUNTIF(D17:AH17,"x-0,25")+COUNTIF(D17:AH17,"x-0,50")+COUNTIF(D17:AH17,"x-0.75")+COUNTIF(D17:AH17,"x-1")+COUNTIF(D17:AH17,"x-1,25")+COUNTIF(D17:AH17,"x-1,5")+COUNTIF(D17:AH17,"x-1,55")+COUNTIF(D17:AH17,"x-2")+COUNTIF(D17:AH17,"x/2")/2 -> 0 | AJ17: =0 -> 0 | AK17: =AI17+AJ17 -> 0
AI18: ="" | AJ18: ="" | AK18: =""
A19: 4 | B19: Phùng Đình Hùng | C19: TC | AI19: =0 -> 0 | AJ19: =SUM(D19:AH19)/8 -> 0 | AK19: =AI19+AJ19 -> 0
C20: C1 | AI20: =COUNTIF(D20:AH20,"x")+COUNTIF(D20:AH20,"x-0,25")+COUNTIF(D20:AH20,"x-0,50")+COUNTIF(D20:AH20,"x-0.75")+COUNTIF(D20:AH20,"x-1")+COUNTIF(D20:AH20,"x-1,25")+COUNTIF(D20:AH20,"x-1,5")+COUNTIF(D20:AH20,"x-1,55")+COUNTIF(D20:AH20,"x-2")+COUNTIF(D20:AH20,"x/2")/2 -> 0 | AJ20: =0 -> 0 | AK20: =AI20+AJ20 -> 0
C21: C2 | AI21: =COUNTIF(D21:AH21,"x")+COUNTIF(D21:AH21,"x-0,25")+COUNTIF(D21:AH21,"x-0,50")+COUNTIF(D21:AH21,"x-0.75")+COUNTIF(D21:AH21,"x-1")+COUNTIF(D21:AH21,"x-1,25")+COUNTIF(D21:AH21,"x-1,5")+COUNTIF(D21:AH21,"x-1,55")+COUNTIF(D21:AH21,"x-2")+COUNTIF(D21:AH21,"x/2")/2 -> 0 | AJ21: =0 -> 0 | AK21: =AI21+AJ21 -> 0
C22: C3 | AI22: =COUNTIF(D22:AH22,"x")+COUNTIF(D22:AH22,"x-0,25")+COUNTIF(D22:AH22,"x-0,50")+COUNTIF(D22:AH22,"x-0.75")+COUNTIF(D22:AH22,"x-1")+COUNTIF(D22:AH22,"x-1,25")+COUNTIF(D22:AH22,"x-1,5")+COUNTIF(D22:AH22,"x-1,55")+COUNTIF(D22:AH22,"x-2")+COUNTIF(D22:AH22,"x/2")/2 -> 0 | AJ22: =0 -> 0 | AK22: =AI22+AJ22 -> 0
AI23: ="" | AJ23: ="" | AK23: =""
A24: 5 | B24: Đặng Ngọc Long | C24: TC | AI24: =0 -> 0 | AJ24: =SUM(D24:AH24)/8 -> 0 | AK24: =AI24+AJ24 -> 0
C25: C1 | AI25: =COUNTIF(D25:AH25,"x")+COUNTIF(D25:AH25,"x-0,25")+COUNTIF(D25:AH25,"x-0,50")+COUNTIF(D25:AH25,"x-0.75")+COUNTIF(D25:AH25,"x-1")+COUNTIF(D25:AH25,"x-1,25")+COUNTIF(D25:AH25,"x-1,5")+COUNTIF(D25:AH25,"x-1,55")+COUNTIF(D25:AH25,"x-2")+COUNTIF(D25:AH25,"x/2")/2 -> 0 | AJ25: =0 -> 0 | AK25: =AI25+AJ25 -> 0
C26: C2 | AI26: =COUNTIF(D26:AH26,"x")+COUNTIF(D26:AH26,"x-0,25")+COUNTIF(D26:AH26,"x-0,50")+COUNTIF(D26:AH26,"x-0.75")+COUNTIF(D26:AH26,"x-1")+COUNTIF(D26:AH26,"x-1,25")+COUNTIF(D26:AH26,"x-1,5")+COUNTIF(D26:AH26,"x-1,55")+COUNTIF(D26:AH26,"x-2")+COUNTIF(D26:AH26,"x/2")/2 -> 0 | AJ26: =0 -> 0 | AK26: =AI26+AJ26 -> 0
C27: C3 | AI27: =COUNTIF(D27:AH27,"x")+COUNTIF(D27:AH27,"x-0,25")+COUNTIF(D27:AH27,"x-0,50")+COUNTIF(D27:AH27,"x-0.75")+COUNTIF(D27:AH27,"x-1")+COUNTIF(D27:AH27,"x-1,25")+COUNTIF(D27:AH27,"x-1,5")+COUNTIF(D27:AH27,"x-1,55")+COUNTIF(D27:AH27,"x-2")+COUNTIF(D27:AH27,"x/2")/2 -> 0 | AJ27: =0 -> 0 | AK27: =AI27+AJ27 -> 0
AI28: ="" | AJ28: ="" | AK28: =""
A29: 6 | B29: Trần Văn Nhận | C29: TC | AI29: =0 -> 0 | AJ29: =SUM(D29:AH29)/8 -> 0 | AK29: =AI29+AJ29 -> 0
C30: C1 | AI30: =COUNTIF(D30:AH30,"x")+COUNTIF(D30:AH30,"x-0,25")+COUNTIF(D30:AH30,"x-0,50")+COUNTIF(D30:AH30,"x-0.75")+COUNTIF(D30:AH30,"x-1")+COUNTIF(D30:AH30,"x-1,25")+COUNTIF(D30:AH30,"x-1,5")+COUNTIF(D30:AH30,"x-1,55")+COUNTIF(D30:AH30,"x-2")+COUNTIF(D30:AH30,"x/2")/2 -> 0 | AJ30: =0 -> 0 | AK30: =AI30+AJ30 -> 0
C31: C2 | AI31: =COUNTIF(D31:AH31,"x")+COUNTIF(D31:AH31,"x-0,25")+COUNTIF(D31:AH31,"x-0,50")+COUNTIF(D31:AH31,"x-0.75")+COUNTIF(D31:AH31,"x-1")+COUNTIF(D31:AH31,"x-1,25")+COUNTIF(D31:AH31,"x-1,5")+COUNTIF(D31:AH31,"x-1,55")+COUNTIF(D31:AH31,"x-2")+COUNTIF(D31:AH31,"x/2")/2 -> 0 | AJ31: =0 -> 0 | AK31: =AI31+AJ31 -> 0
C32: C3 | AI32: =COUNTIF(D32:AH32,"x")+COUNTIF(D32:AH32,"x-0,25")+COUNTIF(D32:AH32,"x-0,50")+COUNTIF(D32:AH32,"x-0.75")+COUNTIF(D32:AH32,"x-1")+COUNTIF(D32:AH32,"x-1,25")+COUNTIF(D32:AH32,"x-1,5")+COUNTIF(D32:AH32,"x-1,55")+COUNTIF(D32:AH32,"x-2")+COUNTIF(D32:AH32,"x/2")/2 -> 0 | AJ32: =0 -> 0 | AK32: =AI32+AJ32 -> 0
AI33: ="" | AJ33: ="" | AK33: =""
A34: 7 | B34: Phùng Gia Phúc | C34: TC | AI34: =0 -> 0 | AJ34: =SUM(D34:AH34)/8 -> 0 | AK34: =AI34+AJ34 -> 0
C35: C1 | AI35: =COUNTIF(D35:AH35,"x")+COUNTIF(D35:AH35,"x-0,25")+COUNTIF(D35:AH35,"x-0,50")+COUNTIF(D35:AH35,"x-0.75")+COUNTIF(D35:AH35,"x-1")+COUNTIF(D35:AH35,"x-1,25")+COUNTIF(D35:AH35,"x-1,5")+COUNTIF(D35:AH35,"x-1,55")+COUNTIF(D35:AH35,"x-2")+COUNTIF(D35:AH35,"x/2")/2 -> 0 | AJ35: =0 -> 0 | AK35: =AI35+AJ35 -> 0
C36: C2 | AI36: =COUNTIF(D36:AH36,"x")+COUNTIF(D36:AH36,"x-0,25")+COUNTIF(D36:AH36,"x-0,50")+COUNTIF(D36:AH36,"x-0.75")+COUNTIF(D36:AH36,"x-1")+COUNTIF(D36:AH36,"x-1,25")+COUNTIF(D36:AH36,"x-1,5")+COUNTIF(D36:AH36,"x-1,55")+COUNTIF(D36:AH36,"x-2")+COUNTIF(D36:AH36,"x/2")/2 -> 0 | AJ36: =0 -> 0 | AK36: =AI36+AJ36 -> 0
C37: C3 | AI37: =COUNTIF(D37:AH37,"x")+COUNTIF(D37:AH37,"x-0,25")+COUNTIF(D37:AH37,"x-0,50")+COUNTIF(D37:AH37,"x-0.75")+COUNTIF(D37:AH37,"x-1")+COUNTIF(D37:AH37,"x-1,25")+COUNTIF(D37:AH37,"x-1,5")+COUNTIF(D37:AH37,"x-1,55")+COUNTIF(D37:AH37,"x-2")+COUNTIF(D37:AH37,"x/2")/2 -> 0 | AJ37: =0 -> 0 | AK37: =AI37+AJ37 -> 0
AI38: ="" | AJ38: ="" | AK38: =""
A39: 8 | B39: Trần Văn Quỳnh | C39: TC | AI39: =0 -> 0 | AJ39: =SUM(D39:AH39)/8 -> 0 | AK39: =AI39+AJ39 -> 0
